SBD,Sở GD,Toán,Văn,Sử,Địa,Lí,Hoá,Sinh,Ngoại ngữ,GDCD,Năm thi
02000001,Sở GD&ĐT Thành Phố Hồ Chí Minh,7.4,7.25,,,7.75,,5.5,9.8,,2022
02000002,Sở GD&ĐT Thành Phố Hồ Chí Minh,8.4,7.5,,,7.5,,4.5,9.4,,2022
02000003,Sở GD&ĐT Thành Phố Hồ Chí Minh,8.4,6.5,,,6.5,,4.5,4.2,,2022
02000004,Sở GD&ĐT Thành Phố Hồ Chí Minh,8.8,5.5,,,8.25,,6,8.8,,2022
02000005,Sở GD&ĐT Thành Phố Hồ Chí Minh,7.2,7.25,6,4.5,,,,9.4,7.5,2022
02000006,Sở GD&ĐT Thành Phố Hồ Chí Minh,8.2,6.5,,,7,,3.75,8.6,,2022
02000007,Sở GD&ĐT Thành Phố Hồ Chí Minh,7.2,7.25,,,7,,3,5.4,,2022
02000008,Sở GD&ĐT Thành Phố Hồ Chí Minh,8,7.75,,,8.5,,4.25,7.4,,2022
02000009,Sở GD&ĐT Thành Phố Hồ Chí Minh,7.6,7.25,8.25,7.5,,,,7.8,8.25,2022
02000010,Sở GD&ĐT Thành Phố Hồ Chí Minh,8.4,7,,,6.25,,4.25,7.2,,2022
02000011,Sở GD&ĐT Thành Phố Hồ Chí Minh,9.2,6.5,5.25,7,,,,8.2,7.75,2022
02000012,Sở GD&ĐT Thành Phố Hồ Chí Minh,9,5.5,,,7.75,,4.5,5.4,,2022
02000013,Sở GD&ĐT Thành Phố Hồ Chí Minh,6.4,6,5.25,5.75,,,,7.4,8.5,2022
02000014,Sở GD&ĐT Thành Phố Hồ Chí Minh,8.4,7.75,,,8.75,,4.5,7.8,,2022
02000015,Sở GD&ĐT Thành Phố Hồ Chí Minh,8,6.25,8.5,7,,,,9,8,2022
02000016,Sở GD&ĐT Thành Phố Hồ Chí Minh,7.4,6.5,5,4.75,,,,8,7.5,2022
02000017,Sở GD&ĐT Thành Phố Hồ Chí Minh,7.4,7.25,7.75,8.25,,,,8.4,7.75,2022
02000018,Sở GD&ĐT Thành Phố Hồ Chí Minh,8.6,7,,,8.5,,5.5,9.4,,2022
02000019,Sở GD&ĐT Thành Phố Hồ Chí Minh,7.8,6.25,,,6.5,,3.75,6.2,,2022
02000020,Sở GD&ĐT Thành Phố Hồ Chí Minh,8.4,8,6.25,6.5,,,,7.8,8.5,2022
02000021,Sở GD&ĐT Thành Phố Hồ Chí Minh,8.6,7.75,,,8.5,,5.25,8.4,,2022
02000022,Sở GD&ĐT Thành Phố Hồ Chí Minh,7.6,6.75,,,6.75,,6,9.4,,2022
02000023,Sở GD&ĐT Thành Phố Hồ Chí Minh,8,6.75,,,8,,4.5,7.4,,2022
02000024,Sở GD&ĐT Thành Phố Hồ Chí Minh,7.4,4.5,,,7.25,,4.25,6.8,,2022
02000025,Sở GD&ĐT Thành Phố Hồ Chí Minh,8.2,8.25,,,6.5,,3.25,9,,2022
02000026,Sở GD&ĐT Thành Phố Hồ Chí Minh,7.4,7,6,5.75,,,,8.8,7,2022
02000027,Sở GD&ĐT Thành Phố Hồ Chí Minh,7.6,7.25,,,5.5,,7.5,9,,2022
02000028,Sở GD&ĐT Thành Phố Hồ Chí Minh,8.6,4.25,,,8,,5.25,8.6,,2022
02000029,Sở GD&ĐT Thành Phố Hồ Chí Minh,7,7.25,6.75,7,,,,8.6,8,2022
02000030,Sở GD&ĐT Thành Phố Hồ Chí Minh,7.8,7.5,7.25,6.25,,,,7.8,7.5,2022
02000031,Sở GD&ĐT Thành Phố Hồ Chí Minh,5.2,7.5,,,3.5,,4.25,8.8,,2022
02000032,Sở GD&ĐT Thành Phố Hồ Chí Minh,8,5.75,,,6.5,,4,4.4,,2022
02000033,Sở GD&ĐT Thành Phố Hồ Chí Minh,7.8,6.75,8,8,,,,9.4,7.75,2022
02000034,Sở GD&ĐT Thành Phố Hồ Chí Minh,7,4.25,8.5,7.75,,,,9,8.5,2022
02000035,Sở GD&ĐT Thành Phố Hồ Chí Minh,8.8,7.5,,,5.75,,4,8.4,,2022
02000036,Sở GD&ĐT Thành Phố Hồ Chí Minh,6.2,7.25,7,6.5,,,,7.6,7.5,2022
02000037,Sở GD&ĐT Thành Phố Hồ Chí Minh,7.2,6,,,5.75,,4.5,7,,2022
02000038,Sở GD&ĐT Thành Phố Hồ Chí Minh,7.8,5.25,,,6.25,,3.5,6.8,,2022
02000039,Sở GD&ĐT Thành Phố Hồ Chí Minh,8,5.5,7.25,7.5,,,,8.2,9.5,2022
02000040,Sở GD&ĐT Thành Phố Hồ Chí Minh,8.4,7,,,8.25,,4.25,8.6,,2022
02000041,Sở GD&ĐT Thành Phố Hồ Chí Minh,7.4,7,7,6,,,,8,9,2022
02000042,Sở GD&ĐT Thành Phố Hồ Chí Minh,7.8,7.25,,,6.75,,5.75,9.2,,2022
02000043,Sở GD&ĐT Thành Phố Hồ Chí Minh,8.2,5.75,,,7.75,,3.5,8.2,,2022
02000044,Sở GD&ĐT Thành Phố Hồ Chí Minh,6.4,6.25,,,4.75,,6,9.2,,2022
02000045,Sở GD&ĐT Thành Phố Hồ Chí Minh,5.8,7.75,,,4.5,,5,5,,2022
02000046,Sở GD&ĐT Thành Phố Hồ Chí Minh,8.8,6.5,8.5,6.25,,,,7.4,8.75,2022
02000047,Sở GD&ĐT Thành Phố Hồ Chí Minh,8.8,6.25,,,8.25,,4.5,8.2,,2022
02000048,Sở GD&ĐT Thành Phố Hồ Chí Minh,8.4,7.5,,,7.25,,6,9.2,,2022
02000049,Sở GD&ĐT Thành Phố Hồ Chí Minh,7.2,7.75,5.75,6.25,,,,8.2,8.5,2022
02000050,Sở GD&ĐT Thành Phố Hồ Chí Minh,7.6,6.25,7,6.75,,,,7,7,2022
02000051,Sở GD&ĐT Thành Phố Hồ Chí Minh,8.4,6,,,7,,4.25,6.6,,2022
02000052,Sở GD&ĐT Thành Phố Hồ Chí Minh,7.4,7,7.75,7.75,,,,9.6,8.25,2022
02000053,Sở GD&ĐT Thành Phố Hồ Chí Minh,7.2,6.5,7.75,5.25,,,,5.8,9.25,2022
02000054,Sở GD&ĐT Thành Phố Hồ Chí Minh,7.2,7.25,,,6,,4,6.2,,2022
02000055,Sở GD&ĐT Thành Phố Hồ Chí Minh,7.8,8,7.25,5,,,,9,7.5,2022
02000056,Sở GD&ĐT Thành Phố Hồ Chí Minh,7.2,5.75,,,4.5,,5.25,8.6,,2022
02000057,Sở GD&ĐT Thành Phố Hồ Chí Minh,7.8,7,5.75,6.25,,,,8.8,8.75,2022
02000058,Sở GD&ĐT Thành Phố Hồ Chí Minh,7.4,5.75,,,4.5,,3.75,9,,2022
02000059,Sở GD&ĐT Thành Phố Hồ Chí Minh,8.4,6.5,7.75,7.5,,,,8.8,8,2022
02000060,Sở GD&ĐT Thành Phố Hồ Chí Minh,8.2,7,9.25,8.25,,,,8.8,8.75,2022
02000061,Sở GD&ĐT Thành Phố Hồ Chí Minh,8,6,7.75,7.5,,,,7.2,9.25,2022
02000062,Sở GD&ĐT Thành Phố Hồ Chí Minh,8.6,5.75,,,7.25,,5.75,8,,2022
02000063,Sở GD&ĐT Thành Phố Hồ Chí Minh,8.4,5.5,,,8.25,,5.25,8,,2022
02000064,Sở GD&ĐT Thành Phố Hồ Chí Minh,8.8,7.75,9,7.75,,,,9.2,9.25,2022
02000065,Sở GD&ĐT Thành Phố Hồ Chí Minh,7,6.75,7.75,6.5,,,,7.2,8.25,2022
02000066,Sở GD&ĐT Thành Phố Hồ Chí Minh,8.2,5,,,8,,3.25,7.6,,2022
02000067,Sở GD&ĐT Thành Phố Hồ Chí Minh,8,6,,,7.5,,3.25,8.6,,2022
02000068,Sở GD&ĐT Thành Phố Hồ Chí Minh,8.8,6,,,7.75,,5.25,8.8,,2022
02000069,Sở GD&ĐT Thành Phố Hồ Chí Minh,7.6,6.5,,,6,,3.75,8.4,,2022
02000070,Sở GD&ĐT Thành Phố Hồ Chí Minh,7.2,7.5,,,6.5,,7.5,7.6,,2022
02000071,Sở GD&ĐT Thành Phố Hồ Chí Minh,8.2,5.75,,,3,,7.25,6.8,,2022
02000072,Sở GD&ĐT Thành Phố Hồ Chí Minh,6.4,7,,,4.75,,3.5,8.2,,2022
02000073,Sở GD&ĐT Thành Phố Hồ Chí Minh,8.6,3.75,,,6,,4.5,6.8,,2022
02000074,Sở GD&ĐT Thành Phố Hồ Chí Minh,7.2,6.75,,,7.25,,4.75,7,,2022
02000075,Sở GD&ĐT Thành Phố Hồ Chí Minh,8.2,7,,,8.75,,4.25,8.6,,2022
02000076,Sở GD&ĐT Thành Phố Hồ Chí Minh,7.2,7.25,5.75,7,,,,6.4,7.75,2022
02000077,Sở GD&ĐT Thành Phố Hồ Chí Minh,8,7.5,,,5.5,,5,7,,2022
02000078,Sở GD&ĐT Thành Phố Hồ Chí Minh,7.4,4.5,,,4.5,,6.25,8.8,,2022
02000079,Sở GD&ĐT Thành Phố Hồ Chí Minh,8.6,7.75,,,6,,4.5,8.4,,2022
02000080,Sở GD&ĐT Thành Phố Hồ Chí Minh,5.6,6.75,,,3.5,,3.5,4.8,,2022
02000081,Sở GD&ĐT Thành Phố Hồ Chí Minh,8,6.75,,,7,,7.25,7.8,,2022
02000082,Sở GD&ĐT Thành Phố Hồ Chí Minh,7.8,7.25,,,6.5,,4.5,9.4,,2022
02000083,Sở GD&ĐT Thành Phố Hồ Chí Minh,8.2,7.5,,,5.5,,6.5,9,,2022
02000084,Sở GD&ĐT Thành Phố Hồ Chí Minh,8,7,,,5,,8.25,7.8,,2022
02000085,Sở GD&ĐT Thành Phố Hồ Chí Minh,6.8,7,6.75,6,,,,7.6,6.75,2022
02000086,Sở GD&ĐT Thành Phố Hồ Chí Minh,7.2,6.5,,,7.25,,5.25,6.4,,2022
02000087,Sở GD&ĐT Thành Phố Hồ Chí Minh,9,5.75,,,8.5,,3.25,8,,2022
02000088,Sở GD&ĐT Thành Phố Hồ Chí Minh,8,7,,,7,,4.75,7.8,,2022
02000089,Sở GD&ĐT Thành Phố Hồ Chí Minh,8.2,7.5,,,7.25,,4,9.4,,2022
02000090,Sở GD&ĐT Thành Phố Hồ Chí Minh,8.4,7.25,,,5.75,,3,8,,2022
02000091,Sở GD&ĐT Thành Phố Hồ Chí Minh,7.2,7,6,6.25,,,,7.2,6.75,2022
02000092,Sở GD&ĐT Thành Phố Hồ Chí Minh,8.8,4.5,,,7.75,,3.75,8.8,,2022
02000093,Sở GD&ĐT Thành Phố Hồ Chí Minh,8.8,6.75,,,5,,8.25,,,2022
02000094,Sở GD&ĐT Thành Phố Hồ Chí Minh,8.4,6.75,7.75,7.75,,,,7.8,7.5,2022
02000095,Sở GD&ĐT Thành Phố Hồ Chí Minh,8.4,5.75,,,8.25,,5.5,8.4,,2022
02000096,Sở GD&ĐT Thành Phố Hồ Chí Minh,8.2,6.75,,,6.5,,3,8,,2022
02000097,Sở GD&ĐT Thành Phố Hồ Chí Minh,7.8,5.25,,,7.75,,4,8.8,,2022
02000098,Sở GD&ĐT Thành Phố Hồ Chí Minh,8.2,5,,,4,,6,6.8,,2022
02000099,Sở GD&ĐT Thành Phố Hồ Chí Minh,8,6.75,,,7.5,,4.5,8,,2022
02000100,Sở GD&ĐT Thành Phố Hồ Chí Minh,7.4,6.25,,,4.5,,3.25,8.6,,2022
02000101,Sở GD&ĐT Thành Phố Hồ Chí Minh,7.8,7,,,4.75,,5.25,8.4,,2022
02000102,Sở GD&ĐT Thành Phố Hồ Chí Minh,9.2,7.25,,,8.75,,5.75,7,,2022
02000103,Sở GD&ĐT Thành Phố Hồ Chí Minh,8.8,6.5,,,7.25,,5.5,8.6,,2022
02000104,Sở GD&ĐT Thành Phố Hồ Chí Minh,8.4,7,,,4.25,,5,7.2,,2022
02000105,Sở GD&ĐT Thành Phố Hồ Chí Minh,6.8,8,8.75,7,,,,7.4,8.75,2022
02000106,Sở GD&ĐT Thành Phố Hồ Chí Minh,8.6,6.75,,,7.25,,6.25,8.4,,2022
02000107,Sở GD&ĐT Thành Phố Hồ Chí Minh,7.8,6,,,4.25,,4,7,,2022
02000108,Sở GD&ĐT Thành Phố Hồ Chí Minh,7.2,7.75,6.25,7,,,,9.2,8,2022
02000109,Sở GD&ĐT Thành Phố Hồ Chí Minh,7.4,7,,,5,,3.25,6.6,,2022
02000110,Sở GD&ĐT Thành Phố Hồ Chí Minh,8.6,5.17,,,7.5,,4.25,8.8,,2022
02000111,Sở GD&ĐT Thành Phố Hồ Chí Minh,7.6,6,7,7.25,,,,7.8,6.5,2022
02000112,Sở GD&ĐT Thành Phố Hồ Chí Minh,8.4,6.75,5.75,6.75,,,,9,7.25,2022
02000113,Sở GD&ĐT Thành Phố Hồ Chí Minh,7.6,6.25,,,6.5,,2.75,9.2,,2022
02000114,Sở GD&ĐT Thành Phố Hồ Chí Minh,7.4,7.5,,,2.25,,3.5,7,,2022
02000115,Sở GD&ĐT Thành Phố Hồ Chí Minh,7.8,7,6,5.5,,,,6,7.75,2022
02000116,Sở GD&ĐT Thành Phố Hồ Chí Minh,7,7.5,6.75,7.25,,,,8.8,8.25,2022
02000117,Sở GD&ĐT Thành Phố Hồ Chí Minh,9.4,6.75,,,8.5,,5.75,6.4,,2022
02000118,Sở GD&ĐT Thành Phố Hồ Chí Minh,6.6,5.25,,,5,,4.25,7.2,,2022
02000119,Sở GD&ĐT Thành Phố Hồ Chí Minh,7.6,8.25,8,7.25,,,,9.4,8.5,2022
02000120,Sở GD&ĐT Thành Phố Hồ Chí Minh,9.2,8,,,8.5,,6,9.8,,2022
02000121,Sở GD&ĐT Thành Phố Hồ Chí Minh,7.8,6.5,6.5,7.25,,,,8,7.75,2022
02000122,Sở GD&ĐT Thành Phố Hồ Chí Minh,7.2,7.25,7.5,7.5,,,,7.8,8,2022
02000123,Sở GD&ĐT Thành Phố Hồ Chí Minh,7.8,5.75,,,6,,5,6.4,,2022
02000124,Sở GD&ĐT Thành Phố Hồ Chí Minh,7.8,6,6.5,5.25,,,,7.4,7.75,2022
02000125,Sở GD&ĐT Thành Phố Hồ Chí Minh,7.8,6.25,,,7.75,,6,8,,2022
02000126,Sở GD&ĐT Thành Phố Hồ Chí Minh,8.4,5,,,7.5,,4.5,8.6,,2022
02000127,Sở GD&ĐT Thành Phố Hồ Chí Minh,8.8,6.75,,,8,,4.25,7.8,,2022
02000128,Sở GD&ĐT Thành Phố Hồ Chí Minh,7.8,4.75,,,6,,3.5,8.8,,2022
02000129,Sở GD&ĐT Thành Phố Hồ Chí Minh,9,5.75,,,9.5,,4.5,9.2,,2022
02000130,Sở GD&ĐT Thành Phố Hồ Chí Minh,8.6,7.25,,,6.75,,4.25,8.8,,2022
02000131,Sở GD&ĐT Thành Phố Hồ Chí Minh,8,7,,,7.25,,4,8,,2022
02000132,Sở GD&ĐT Thành Phố Hồ Chí Minh,8.6,4.75,,,4.25,,9.25,,,2022
02000133,Sở GD&ĐT Thành Phố Hồ Chí Minh,7.4,7.5,7.25,7.25,,,,9.2,9.5,2022
02000134,Sở GD&ĐT Thành Phố Hồ Chí Minh,8.4,8.5,9,6.75,,,,6,9,2022
02000135,Sở GD&ĐT Thành Phố Hồ Chí Minh,7.4,7.25,8.5,7,,,,8.6,8.5,2022
02000136,Sở GD&ĐT Thành Phố Hồ Chí Minh,8.4,8.25,9.25,8,,,,8.8,8.25,2022
02000137,Sở GD&ĐT Thành Phố Hồ Chí Minh,7.8,6.75,7.5,7.75,,,,6.6,8.75,2022
02000138,Sở GD&ĐT Thành Phố Hồ Chí Minh,7.6,6.75,,,8.75,,4.25,8.4,,2022
02000139,Sở GD&ĐT Thành Phố Hồ Chí Minh,7.8,6.25,9,8.5,,,,8,10,2022
02000140,Sở GD&ĐT Thành Phố Hồ Chí Minh,8.2,6,,,8.25,,4.25,8.8,,2022
02000141,Sở GD&ĐT Thành Phố Hồ Chí Minh,8.2,7.25,,,6.5,,5,8.2,,2022
02000142,Sở GD&ĐT Thành Phố Hồ Chí Minh,8,4.75,,,7.25,,3.75,7.6,,2022
02000143,Sở GD&ĐT Thành Phố Hồ Chí Minh,7.6,7,,,7.5,,5,8.6,,2022
02000144,Sở GD&ĐT Thành Phố Hồ Chí Minh,8,6.75,,,7.25,,5.25,8.6,,2022
02000145,Sở GD&ĐT Thành Phố Hồ Chí Minh,4.4,4.5,,,3,,3.5,4.6,,2022
02000146,Sở GD&ĐT Thành Phố Hồ Chí Minh,7.6,6.25,,,6.75,,4.25,7.8,,2022
02000147,Sở GD&ĐT Thành Phố Hồ Chí Minh,8.2,5.25,,,7.5,,5.75,6.6,,2022
02000148,Sở GD&ĐT Thành Phố Hồ Chí Minh,6.4,7,6.5,7,,,,8.8,7.75,2022
02000149,Sở GD&ĐT Thành Phố Hồ Chí Minh,7.6,7.75,,,8,,4.75,8.8,,2022
02000150,Sở GD&ĐT Thành Phố Hồ Chí Minh,7.8,7,4.75,5.5,,,,8,9.75,2022
02000151,Sở GD&ĐT Thành Phố Hồ Chí Minh,8.6,6,,,8.5,,3.5,7.6,,2022
02000152,Sở GD&ĐT Thành Phố Hồ Chí Minh,7.6,7.5,,,7.25,,5.75,7,,2022
02000153,Sở GD&ĐT Thành Phố Hồ Chí Minh,8.2,8,,,8.75,,4.25,8.2,,2022
02000154,Sở GD&ĐT Thành Phố Hồ Chí Minh,8.8,7.75,,,8,,7.75,9,,2022
02000155,Sở GD&ĐT Thành Phố Hồ Chí Minh,8,6.25,6.25,7.25,,,,7.2,8.25,2022
02000156,Sở GD&ĐT Thành Phố Hồ Chí Minh,9,7.25,,,9,,5.75,9.4,,2022
02000157,Sở GD&ĐT Thành Phố Hồ Chí Minh,8,7.75,,,6,,4.25,8,,2022
02000158,Sở GD&ĐT Thành Phố Hồ Chí Minh,6,7.25,7,6.75,,,,7.8,9,2022
02000159,Sở GD&ĐT Thành Phố Hồ Chí Minh,7.6,7.25,7.75,7,,,,8.6,8,2022
02000160,Sở GD&ĐT Thành Phố Hồ Chí Minh,7,8,,,4.5,,7.75,8.4,,2022
02000161,Sở GD&ĐT Thành Phố Hồ Chí Minh,8.4,7,,,6,,3,9.4,,2022
02000162,Sở GD&ĐT Thành Phố Hồ Chí Minh,6,6,8,7,,,,6.8,9,2022
02000163,Sở GD&ĐT Thành Phố Hồ Chí Minh,8,8.25,7.25,6.5,,,,8,8.75,2022
02000164,Sở GD&ĐT Thành Phố Hồ Chí Minh,8.2,7.25,,,7.5,,5,9,,2022
02000165,Sở GD&ĐT Thành Phố Hồ Chí Minh,8.2,7.75,,,6.5,,7.25,8.8,,2022
02000166,Sở GD&ĐT Thành Phố Hồ Chí Minh,7.8,7.5,,,6.75,,4.25,8.4,,2022
02000167,Sở GD&ĐT Thành Phố Hồ Chí Minh,7.8,7,,,6.75,,3,7.4,,2022
02000168,Sở GD&ĐT Thành Phố Hồ Chí Minh,8.6,6,,,8.25,,5.75,8.8,,2022
02000169,Sở GD&ĐT Thành Phố Hồ Chí Minh,8.2,6,,,8.25,,4.5,,,2022
02000170,Sở GD&ĐT Thành Phố Hồ Chí Minh,8,7,,,8.25,,4.5,9.4,,2022
02000171,Sở GD&ĐT Thành Phố Hồ Chí Minh,8,6,,,7,,3.75,7.6,,2022
02000172,Sở GD&ĐT Thành Phố Hồ Chí Minh,7.6,7,8,8.75,,,,8.4,9,2022
02000173,Sở GD&ĐT Thành Phố Hồ Chí Minh,8.2,7.5,7.75,7.5,,,,8.8,9,2022
02000174,Sở GD&ĐT Thành Phố Hồ Chí Minh,8.2,6,,,7.5,,4,8.2,,2022
02000175,Sở GD&ĐT Thành Phố Hồ Chí Minh,8.6,6.75,,,9.75,,5.5,8.8,,2022
02000176,Sở GD&ĐT Thành Phố Hồ Chí Minh,7.8,7.25,7.75,8,,,,8,8.5,2022
02000177,Sở GD&ĐT Thành Phố Hồ Chí Minh,7.8,6.75,7.25,7.75,,,,7,7.75,2022
02000178,Sở GD&ĐT Thành Phố Hồ Chí Minh,8.6,5,,,7.5,,3.25,8.6,,2022
02000179,Sở GD&ĐT Thành Phố Hồ Chí Minh,8.2,6.5,7.25,6.25,,,,7.6,8.5,2022
02000180,Sở GD&ĐT Thành Phố Hồ Chí Minh,6.6,3.75,,,5.75,,3,9.2,,2022
02000181,Sở GD&ĐT Thành Phố Hồ Chí Minh,8,6.25,,,6.5,,4,6.4,,2022
02000182,Sở GD&ĐT Thành Phố Hồ Chí Minh,8.8,7.25,,,7.75,,5.25,7.8,,2022
02000183,Sở GD&ĐT Thành Phố Hồ Chí Minh,7.6,6.25,,,5.5,,4.5,7,,2022
02000184,Sở GD&ĐT Thành Phố Hồ Chí Minh,8.4,6,,,8.5,,4.25,6.6,,2022
02000185,Sở GD&ĐT Thành Phố Hồ Chí Minh,8.8,6.5,,,6.5,,9.5,7.6,,2022
02000186,Sở GD&ĐT Thành Phố Hồ Chí Minh,7.6,4.5,,,7.25,,4.75,9.2,,2022
02000187,Sở GD&ĐT Thành Phố Hồ Chí Minh,7.4,7,7,8.5,,,,9,8,2022
02000188,Sở GD&ĐT Thành Phố Hồ Chí Minh,7.8,6.5,,,4.75,,4.75,7.4,,2022
02000189,Sở GD&ĐT Thành Phố Hồ Chí Minh,8,6.75,,,6.25,,4.75,6.6,,2022
02000190,Sở GD&ĐT Thành Phố Hồ Chí Minh,8.8,7,,,9,,6.5,8.6,,2022
02000191,Sở GD&ĐT Thành Phố Hồ Chí Minh,7,6.25,,,7.25,,4,4.6,,2022
02000192,Sở GD&ĐT Thành Phố Hồ Chí Minh,7.4,7,8.25,7.75,,,,5.2,9,2022
02000193,Sở GD&ĐT Thành Phố Hồ Chí Minh,6.6,6.5,8,7.75,,,,7.6,8.25,2022
02000194,Sở GD&ĐT Thành Phố Hồ Chí Minh,8.2,8,,,8,,3.75,8.8,,2022
02000195,Sở GD&ĐT Thành Phố Hồ Chí Minh,8.4,6.25,,,7.75,,3.75,8.2,,2022
02000196,Sở GD&ĐT Thành Phố Hồ Chí Minh,7,7.25,,,5,,3.75,7.8,,2022
02000197,Sở GD&ĐT Thành Phố Hồ Chí Minh,7.2,7.75,6.75,7.5,,,,6.8,8,2022
02000198,Sở GD&ĐT Thành Phố Hồ Chí Minh,8.6,7.75,7.75,6.75,,,,9,7.5,2022
02000199,Sở GD&ĐT Thành Phố Hồ Chí Minh,7.2,8,5.5,6.5,,,,8,7.75,2022
02000200,Sở GD&ĐT Thành Phố Hồ Chí Minh,8.4,8.5,8.5,7.25,,,,8.8,8.25,2022
02000201,Sở GD&ĐT Thành Phố Hồ Chí Minh,8.4,7.5,7,6,,,,8.6,8,2022
02000202,Sở GD&ĐT Thành Phố Hồ Chí Minh,7.2,7.75,,,5.75,,4.75,5.6,,2022
02000203,Sở GD&ĐT Thành Phố Hồ Chí Minh,8.2,5,,,8.25,,4,7.8,,2022
02000204,Sở GD&ĐT Thành Phố Hồ Chí Minh,9,5.75,,,7.25,,5,8,,2022
02000205,Sở GD&ĐT Thành Phố Hồ Chí Minh,7.6,5.75,,,7,,3.25,6.6,,2022
02000206,Sở GD&ĐT Thành Phố Hồ Chí Minh,6.8,6,6.75,6.75,,,,8,6.75,2022
02000207,Sở GD&ĐT Thành Phố Hồ Chí Minh,8.6,6.5,,,8,,4,9,,2022
02000208,Sở GD&ĐT Thành Phố Hồ Chí Minh,8.2,6,,,6.75,,2.5,9.2,,2022
02000209,Sở GD&ĐT Thành Phố Hồ Chí Minh,7.2,6,,,7.25,,4.5,6.8,,2022
02000210,Sở GD&ĐT Thành Phố Hồ Chí Minh,6.8,7.25,6.75,6.5,,,,9.4,7.5,2022
02000211,Sở GD&ĐT Thành Phố Hồ Chí Minh,7.6,7.25,,,8,,6,8.6,,2022
02000212,Sở GD&ĐT Thành Phố Hồ Chí Minh,6.2,7,7,6.75,,,,,7,2022
02000213,Sở GD&ĐT Thành Phố Hồ Chí Minh,7.8,7,,,7.5,,5.5,9,,2022
02000214,Sở GD&ĐT Thành Phố Hồ Chí Minh,8.6,6.5,,,8.75,,5,7,,2022
02000215,Sở GD&ĐT Thành Phố Hồ Chí Minh,8.8,6.5,,,6.75,,5.5,9,,2022
02000216,Sở GD&ĐT Thành Phố Hồ Chí Minh,8.4,6.75,,,7,,6,7.2,,2022
02000217,Sở GD&ĐT Thành Phố Hồ Chí Minh,8,7.25,,,5.75,,3.5,7,,2022
02000218,Sở GD&ĐT Thành Phố Hồ Chí Minh,8.6,6.5,,,7.25,,3,8,,2022
02000219,Sở GD&ĐT Thành Phố Hồ Chí Minh,5.8,6.25,,,4.75,,4.25,8.8,,2022
02000220,Sở GD&ĐT Thành Phố Hồ Chí Minh,8,7,8,7,,,,,7,2022
02000221,Sở GD&ĐT Thành Phố Hồ Chí Minh,5.8,8,5.75,5.75,,,,5.6,8.25,2022
02000222,Sở GD&ĐT Thành Phố Hồ Chí Minh,6.6,7,3,6.25,,,,8,7,2022
02000223,Sở GD&ĐT Thành Phố Hồ Chí Minh,8.6,6.5,,,7.5,,4,6.4,,2022
02000224,Sở GD&ĐT Thành Phố Hồ Chí Minh,6.2,7.75,,,6.5,,4.5,9,,2022
02000225,Sở GD&ĐT Thành Phố Hồ Chí Minh,8,7,7.25,7.5,,,,8.4,8,2022
02000226,Sở GD&ĐT Thành Phố Hồ Chí Minh,7.8,7.75,,,8,,6.5,8.6,,2022
02000227,Sở GD&ĐT Thành Phố Hồ Chí Minh,7.8,6.75,6.75,6,,,,8.4,7.75,2022
02000228,Sở GD&ĐT Thành Phố Hồ Chí Minh,6.4,6.25,9.75,8.5,,,,8.2,8.25,2022
02000229,Sở GD&ĐT Thành Phố Hồ Chí Minh,8.4,6.75,,,7,,4.25,7.8,,2022
02000230,Sở GD&ĐT Thành Phố Hồ Chí Minh,8,7,,,6.25,,7.75,7.2,,2022
02000231,Sở GD&ĐT Thành Phố Hồ Chí Minh,8.6,7,7.5,7,,,,8.6,8.5,2022
02000232,Sở GD&ĐT Thành Phố Hồ Chí Minh,8,7,7.75,7.5,,,,8.4,9,2022
02000233,Sở GD&ĐT Thành Phố Hồ Chí Minh,7,6.5,,,6,,3,8.2,,2022
02000234,Sở GD&ĐT Thành Phố Hồ Chí Minh,8.2,6.5,,,7.75,,4.5,8.2,,2022
02000235,Sở GD&ĐT Thành Phố Hồ Chí Minh,7.8,7,,,8,,5.5,5.6,,2022
02000236,Sở GD&ĐT Thành Phố Hồ Chí Minh,8,6.25,,,7.5,,6.25,8.8,,2022
02000237,Sở GD&ĐT Thành Phố Hồ Chí Minh,8.6,6.5,,,7.75,,5.75,8.8,,2022
02000238,Sở GD&ĐT Thành Phố Hồ Chí Minh,8,8,8.25,8.25,,,,8.8,8.5,2022
02000239,Sở GD&ĐT Thành Phố Hồ Chí Minh,8.6,6.75,,,9,,4.5,7.8,,2022
02000240,Sở GD&ĐT Thành Phố Hồ Chí Minh,8.2,6,,,7.5,,3.75,6.8,,2022
02000241,Sở GD&ĐT Thành Phố Hồ Chí Minh,8.4,7.5,,,8.75,,6.5,9.2,,2022
02000242,Sở GD&ĐT Thành Phố Hồ Chí Minh,7.4,6,,,4,,5,5.2,,2022
02000243,Sở GD&ĐT Thành Phố Hồ Chí Minh,7.2,5.25,,,7,,3.25,9.2,,2022
02000244,Sở GD&ĐT Thành Phố Hồ Chí Minh,8.4,6.25,,,6.25,,5.25,,,2022
02000245,Sở GD&ĐT Thành Phố Hồ Chí Minh,7.8,6,,,8.5,,5.25,8.4,,2022
02000246,Sở GD&ĐT Thành Phố Hồ Chí Minh,8.4,6.75,,,6,,4.5,7.8,,2022
02000247,Sở GD&ĐT Thành Phố Hồ Chí Minh,8.6,7.25,8,7.75,,,,,8.5,2022
02000248,Sở GD&ĐT Thành Phố Hồ Chí Minh,8.4,6.5,,,7,,4.5,8.8,,2022
02000249,Sở GD&ĐT Thành Phố Hồ Chí Minh,8.8,5.75,,,7.75,,3.75,9,,2022
02000250,Sở GD&ĐT Thành Phố Hồ Chí Minh,8.2,5.25,,,7.75,,5,9.2,,2022
02000251,Sở GD&ĐT Thành Phố Hồ Chí Minh,7.6,5.75,,,2.75,,6.5,9,,2022
02000252,Sở GD&ĐT Thành Phố Hồ Chí Minh,7.6,7.75,7.25,7.75,,,,9,7.75,2022
02000253,Sở GD&ĐT Thành Phố Hồ Chí Minh,7.6,7.25,,,8,,3.5,8,,2022
02000254,Sở GD&ĐT Thành Phố Hồ Chí Minh,8.2,7.5,,,7,,6.75,6.8,,2022
02000255,Sở GD&ĐT Thành Phố Hồ Chí Minh,7.6,5.75,,,5.25,,3.25,7.4,,2022
02000256,Sở GD&ĐT Thành Phố Hồ Chí Minh,7.6,6.75,,,6.75,,4.25,7,,2022
02000257,Sở GD&ĐT Thành Phố Hồ Chí Minh,7.8,7.25,,,7.5,,3.75,8.4,,2022
02000258,Sở GD&ĐT Thành Phố Hồ Chí Minh,7.6,6,6.75,7.5,,,,7.4,8.5,2022
02000259,Sở GD&ĐT Thành Phố Hồ Chí Minh,8.8,5.5,,,6.75,,4.5,7.6,,2022
02000260,Sở GD&ĐT Thành Phố Hồ Chí Minh,8.6,6.25,,,7.75,,4.25,7.8,,2022
02000261,Sở GD&ĐT Thành Phố Hồ Chí Minh,8.2,6.5,,,8,,6.75,9.6,,2022
02000262,Sở GD&ĐT Thành Phố Hồ Chí Minh,8.8,7,,,8,,6,8.4,,2022
02000263,Sở GD&ĐT Thành Phố Hồ Chí Minh,7.6,6.5,,,6,,5.75,8.6,,2022
02000264,Sở GD&ĐT Thành Phố Hồ Chí Minh,7.2,7,6,6,,,,6.4,8,2022
02000265,Sở GD&ĐT Thành Phố Hồ Chí Minh,8,7.75,,,6.25,,4,8,,2022
02000266,Sở GD&ĐT Thành Phố Hồ Chí Minh,8.4,8,,,7,,4,9.2,,2022
02000267,Sở GD&ĐT Thành Phố Hồ Chí Minh,7.8,5.75,,,8,,4.25,5,,2022
02000268,Sở GD&ĐT Thành Phố Hồ Chí Minh,7.2,6.25,,,6.5,,8,6.4,,2022
02000269,Sở GD&ĐT Thành Phố Hồ Chí Minh,6,6.25,,,4.5,,4.5,8,,2022
02000270,Sở GD&ĐT Thành Phố Hồ Chí Minh,7.6,7.75,7.75,6.25,,,,7.4,8.5,2022
02000271,Sở GD&ĐT Thành Phố Hồ Chí Minh,7.4,7.5,7.5,7,,,,7.8,8.5,2022
02000272,Sở GD&ĐT Thành Phố Hồ Chí Minh,6.8,7.5,6.25,7,,,,,8.5,2022
02000273,Sở GD&ĐT Thành Phố Hồ Chí Minh,8.4,6,,,5.5,,8.25,9,,2022
02000274,Sở GD&ĐT Thành Phố Hồ Chí Minh,7.8,6.75,,,6.5,,5,6.2,,2022
02000275,Sở GD&ĐT Thành Phố Hồ Chí Minh,7.2,6.75,,,5.25,,4,,,2022
02000276,Sở GD&ĐT Thành Phố Hồ Chí Minh,7.6,7.5,8.25,6.5,,,,9,7.5,2022
02000277,Sở GD&ĐT Thành Phố Hồ Chí Minh,8.4,5.25,,,5.25,,5,8.4,,2022
02000278,Sở GD&ĐT Thành Phố Hồ Chí Minh,9.4,5.75,,,7,,8.75,6,,2022
02000279,Sở GD&ĐT Thành Phố Hồ Chí Minh,7.2,7,7.25,7,,,,8,8.25,2022
02000280,Sở GD&ĐT Thành Phố Hồ Chí Minh,8,8,8.75,7.25,,,,9.2,8.75,2022
02000281,Sở GD&ĐT Thành Phố Hồ Chí Minh,8,7,,,6.75,,5.5,8,,2022
02000282,Sở GD&ĐT Thành Phố Hồ Chí Minh,7,6,,,8.25,,3.75,8.2,,2022
02000283,Sở GD&ĐT Thành Phố Hồ Chí Minh,8.6,6,,,5.75,,9,7.2,,2022
02000284,Sở GD&ĐT Thành Phố Hồ Chí Minh,7.8,6.25,,,7.25,,6.25,8.8,,2022
02000285,Sở GD&ĐT Thành Phố Hồ Chí Minh,7.8,7.25,,,5.75,,4.25,9,,2022
02000286,Sở GD&ĐT Thành Phố Hồ Chí Minh,6.6,6.75,5.75,6.5,,,,5.6,6.75,2022
02000287,Sở GD&ĐT Thành Phố Hồ Chí Minh,8.4,6.75,,,7,,4.25,5.8,,2022
02000288,Sở GD&ĐT Thành Phố Hồ Chí Minh,6.6,5.5,8,6.5,,,,7,7.5,2022
02000289,Sở GD&ĐT Thành Phố Hồ Chí Minh,7.8,7.75,6.25,8,,,,7.6,6.75,2022
02000290,Sở GD&ĐT Thành Phố Hồ Chí Minh,8,7.75,7.75,6.75,,,,9.8,7.75,2022
02000291,Sở GD&ĐT Thành Phố Hồ Chí Minh,7,8,6.25,6.5,,,,8,7.75,2022
02000292,Sở GD&ĐT Thành Phố Hồ Chí Minh,7.4,7,6.75,5.25,,,,9,7.25,2022
02000293,Sở GD&ĐT Thành Phố Hồ Chí Minh,8,7,7.75,5,,,,8.6,7.75,2022
02000294,Sở GD&ĐT Thành Phố Hồ Chí Minh,7,8,6.75,7.75,,,,7.6,7.75,2022
02000295,Sở GD&ĐT Thành Phố Hồ Chí Minh,8,7.5,9.25,7.25,,,,9,9,2022
02000296,Sở GD&ĐT Thành Phố Hồ Chí Minh,8.2,8,7.25,8.5,,,,6.8,8.5,2022
02000297,Sở GD&ĐT Thành Phố Hồ Chí Minh,7,7.25,,,5.25,,4,8.6,,2022
02000298,Sở GD&ĐT Thành Phố Hồ Chí Minh,8.6,8,,,7,,5.75,,,2022
02000299,Sở GD&ĐT Thành Phố Hồ Chí Minh,8,5.5,,,6.5,,3.5,6.4,,2022
02000300,Sở GD&ĐT Thành Phố Hồ Chí Minh,7.2,5.75,,,7.25,,3,8.2,,2022
02000301,Sở GD&ĐT Thành Phố Hồ Chí Minh,9,7.75,,,6.5,,6.25,8.8,,2022
02000302,Sở GD&ĐT Thành Phố Hồ Chí Minh,8.8,5.5,,,7.25,,4.75,7.6,,2022
02000303,Sở GD&ĐT Thành Phố Hồ Chí Minh,7.4,5.25,,,6.25,,4.25,9.4,,2022
02000304,Sở GD&ĐT Thành Phố Hồ Chí Minh,7.2,5.5,,,7,,4.75,8.4,,2022
02000305,Sở GD&ĐT Thành Phố Hồ Chí Minh,7.6,5.75,,,5.75,,5,,,2022
02000306,Sở GD&ĐT Thành Phố Hồ Chí Minh,7.6,7.25,8.5,8.5,,,,9.2,9.25,2022
02000307,Sở GD&ĐT Thành Phố Hồ Chí Minh,8.2,7,,,7.5,,5.75,9,,2022
02000308,Sở GD&ĐT Thành Phố Hồ Chí Minh,7.4,5.75,,,8.25,,5.5,7,,2022
02000309,Sở GD&ĐT Thành Phố Hồ Chí Minh,7.8,5.75,,,6.25,,4.5,5.6,,2022
02000310,Sở GD&ĐT Thành Phố Hồ Chí Minh,7.4,7,8.25,6.75,,,,7,9.25,2022
02000311,Sở GD&ĐT Thành Phố Hồ Chí Minh,8.2,7.5,,,8,,5.75,9.4,,2022
02000312,Sở GD&ĐT Thành Phố Hồ Chí Minh,6.8,6,,,7.25,,5,7.8,,2022
02000313,Sở GD&ĐT Thành Phố Hồ Chí Minh,7.2,6.75,7.5,7.5,,,,9,8,2022
02000314,Sở GD&ĐT Thành Phố Hồ Chí Minh,8.2,7.25,,,7.75,,5,7.4,,2022
02000315,Sở GD&ĐT Thành Phố Hồ Chí Minh,6.8,5.75,,,7,,3.5,,,2022
02000316,Sở GD&ĐT Thành Phố Hồ Chí Minh,7.6,6.25,,,6.5,,5,7.6,,2022
02000318,Sở GD&ĐT Thành Phố Hồ Chí Minh,8.4,8.25,,,8.25,,4.75,7.2,,2022
02000319,Sở GD&ĐT Thành Phố Hồ Chí Minh,6,5.75,,,7,,4,6.6,,2022
02000320,Sở GD&ĐT Thành Phố Hồ Chí Minh,8,6,,,7.75,,5.25,8.6,,2022
02000321,Sở GD&ĐT Thành Phố Hồ Chí Minh,7.6,5.25,,,7.25,,4.25,9,,2022
02000322,Sở GD&ĐT Thành Phố Hồ Chí Minh,8.6,6.5,,,4,,6.75,6.2,,2022
02000323,Sở GD&ĐT Thành Phố Hồ Chí Minh,7.4,7,7.75,8,,,,9.2,7,2022
02000324,Sở GD&ĐT Thành Phố Hồ Chí Minh,6.8,5.75,,,5,,3.75,7.4,,2022
02000325,Sở GD&ĐT Thành Phố Hồ Chí Minh,5.4,5,8,7.25,,,,7.4,8.25,2022
02000326,Sở GD&ĐT Thành Phố Hồ Chí Minh,7,6.75,,,7,,4.5,7,,2022
02000327,Sở GD&ĐT Thành Phố Hồ Chí Minh,7.6,7.75,,,7.25,,6.5,7.6,,2022
02000328,Sở GD&ĐT Thành Phố Hồ Chí Minh,7.8,5.75,,,7,,4.75,5.6,,2022
02000329,Sở GD&ĐT Thành Phố Hồ Chí Minh,7.6,6,6.75,6,,,,7.4,8.25,2022
02000330,Sở GD&ĐT Thành Phố Hồ Chí Minh,8.2,4.25,,,7.25,,6.5,9,,2022
02000331,Sở GD&ĐT Thành Phố Hồ Chí Minh,6.8,4.25,,,5.5,,7,6.8,,2022
02000332,Sở GD&ĐT Thành Phố Hồ Chí Minh,7.8,7.5,8,8.75,,,,9.2,8.5,2022
02000333,Sở GD&ĐT Thành Phố Hồ Chí Minh,7.6,7,,,4.75,,2.75,7.4,,2022
02000334,Sở GD&ĐT Thành Phố Hồ Chí Minh,7.2,8.25,7.25,7.5,,,,8.4,7.5,2022
02000335,Sở GD&ĐT Thành Phố Hồ Chí Minh,9.2,7.75,,,7.5,,6.5,9.2,,2022
02000336,Sở GD&ĐT Thành Phố Hồ Chí Minh,7.6,7.5,,,7.75,,5.25,9.2,,2022
02000337,Sở GD&ĐT Thành Phố Hồ Chí Minh,7,6.5,,,4.5,,4.25,6.8,,2022
02000338,Sở GD&ĐT Thành Phố Hồ Chí Minh,8.6,6,,,7.5,,4.75,8.6,,2022
02000339,Sở GD&ĐT Thành Phố Hồ Chí Minh,7,7.5,7.75,7.5,,,,8.2,8.25,2022
02000340,Sở GD&ĐT Thành Phố Hồ Chí Minh,6,5.75,,,6.25,,4,6.4,,2022
02000341,Sở GD&ĐT Thành Phố Hồ Chí Minh,8,7,7.5,6.75,,,,7.2,9.25,2022
02000342,Sở GD&ĐT Thành Phố Hồ Chí Minh,8,8,8,7.25,,,,9.8,9.25,2022
02000343,Sở GD&ĐT Thành Phố Hồ Chí Minh,8.2,7.75,9.25,7,,,,8.2,9,2022
02000344,Sở GD&ĐT Thành Phố Hồ Chí Minh,7.2,7,,,6.25,,4.5,8.6,,2022
02000345,Sở GD&ĐT Thành Phố Hồ Chí Minh,7.8,7.5,,,7.5,,6.5,8.8,,2022
02000346,Sở GD&ĐT Thành Phố Hồ Chí Minh,7.6,7.75,6.5,7,,,,9.6,8.5,2022
02000347,Sở GD&ĐT Thành Phố Hồ Chí Minh,7.2,7.5,7,5,,,,8.8,8.25,2022
02000348,Sở GD&ĐT Thành Phố Hồ Chí Minh,8,6.25,8.5,7.25,,,,9,8.25,2022
02000349,Sở GD&ĐT Thành Phố Hồ Chí Minh,6.2,7.5,7.25,6.25,,,,8.6,8.5,2022
02000350,Sở GD&ĐT Thành Phố Hồ Chí Minh,7.2,6.5,,,5.25,,4.5,9.4,,2022
02000351,Sở GD&ĐT Thành Phố Hồ Chí Minh,6.8,6.75,6.5,6.75,,,,7.4,7.75,2022
02000352,Sở GD&ĐT Thành Phố Hồ Chí Minh,8.6,6.25,,,8.25,,6.75,7.6,,2022
02000353,Sở GD&ĐT Thành Phố Hồ Chí Minh,8,6.5,,,7.25,,5,9,,2022
02000354,Sở GD&ĐT Thành Phố Hồ Chí Minh,7.8,8.25,8.75,7.5,,,,9.2,8.5,2022
02000355,Sở GD&ĐT Thành Phố Hồ Chí Minh,7.6,7,7,7,,,,7.8,8.25,2022
02000356,Sở GD&ĐT Thành Phố Hồ Chí Minh,7.8,7,4.75,6.75,,,,7.4,8,2022
02000357,Sở GD&ĐT Thành Phố Hồ Chí Minh,7.2,7,7,7,,,,7.8,8,2022
02000358,Sở GD&ĐT Thành Phố Hồ Chí Minh,7.8,7.25,6.25,6.75,,,,7.4,8.25,2022
02000359,Sở GD&ĐT Thành Phố Hồ Chí Minh,8.2,7.75,7.75,7.25,,,,7.4,9,2022
02000360,Sở GD&ĐT Thành Phố Hồ Chí Minh,5.4,4.75,,,5.25,,3,,,2022
02000361,Sở GD&ĐT Thành Phố Hồ Chí Minh,7,7.25,,,6,,3.75,8.4,,2022
02000362,Sở GD&ĐT Thành Phố Hồ Chí Minh,5.4,6.5,,,5,,5.5,7.8,,2022
02000363,Sở GD&ĐT Thành Phố Hồ Chí Minh,7.4,4.5,,,7.5,,5,7.6,,2022
02000364,Sở GD&ĐT Thành Phố Hồ Chí Minh,8,6.5,,,5,,6.5,6.6,,2022
02000365,Sở GD&ĐT Thành Phố Hồ Chí Minh,6.8,6.25,,,6,,2.75,7.6,,2022
02000366,Sở GD&ĐT Thành Phố Hồ Chí Minh,7.4,7.75,7.75,6,,,,7.2,8.5,2022
02000367,Sở GD&ĐT Thành Phố Hồ Chí Minh,8.6,7,,,6.25,,6,8.8,,2022
02000368,Sở GD&ĐT Thành Phố Hồ Chí Minh,7.6,4.75,,,7,,3.75,7.8,,2022
02000369,Sở GD&ĐT Thành Phố Hồ Chí Minh,7.4,7.5,,,6.25,,2.75,6.8,,2022
02000370,Sở GD&ĐT Thành Phố Hồ Chí Minh,7.4,5,,,7.75,,4.25,7.6,,2022
02000371,Sở GD&ĐT Thành Phố Hồ Chí Minh,7.4,7,8,8.25,,,,9.6,8.25,2022
02000372,Sở GD&ĐT Thành Phố Hồ Chí Minh,7.4,8,8.5,6.75,,,,7.4,7.75,2022
02000373,Sở GD&ĐT Thành Phố Hồ Chí Minh,7.8,8,8.25,6.75,,,,8.4,9,2022
02000374,Sở GD&ĐT Thành Phố Hồ Chí Minh,7.8,6.5,,,6.75,,5.25,7.2,,2022
02000375,Sở GD&ĐT Thành Phố Hồ Chí Minh,9,6.5,,,6.75,,4,3.6,,2022
02000376,Sở GD&ĐT Thành Phố Hồ Chí Minh,4.8,7,5.5,5.75,,,,7,8.25,2022
02000377,Sở GD&ĐT Thành Phố Hồ Chí Minh,8.6,5.25,,,4.75,,4.5,9.2,,2022
02000378,Sở GD&ĐT Thành Phố Hồ Chí Minh,8.6,7.25,,,8.25,,6.25,8.4,,2022
02000379,Sở GD&ĐT Thành Phố Hồ Chí Minh,8,7.5,,,7.75,,6.5,8.8,,2022
02000380,Sở GD&ĐT Thành Phố Hồ Chí Minh,6,6.25,,,5,,5,8.6,,2022
02000381,Sở GD&ĐT Thành Phố Hồ Chí Minh,7.8,7.75,,,6.5,,5,7.6,,2022
02000382,Sở GD&ĐT Thành Phố Hồ Chí Minh,7.8,6.5,,,6.25,,3,8.8,,2022
02000383,Sở GD&ĐT Thành Phố Hồ Chí Minh,8.2,7.5,,,6.75,,4.25,8,,2022
02000384,Sở GD&ĐT Thành Phố Hồ Chí Minh,7.6,7.17,,,7.75,,4.75,8.8,,2022
02000385,Sở GD&ĐT Thành Phố Hồ Chí Minh,7.8,5.5,,,7.5,,6.25,9,,2022
02000386,Sở GD&ĐT Thành Phố Hồ Chí Minh,7.8,5.5,,,7.25,,4,5.6,,2022
02000387,Sở GD&ĐT Thành Phố Hồ Chí Minh,6.8,6.75,6,5.75,,,,6.8,6.75,2022
02000388,Sở GD&ĐT Thành Phố Hồ Chí Minh,6.6,6.25,,,4.5,,3,4.2,,2022
02000389,Sở GD&ĐT Thành Phố Hồ Chí Minh,8.2,7.25,7.25,6.5,,,,7.6,8.25,2022
02000390,Sở GD&ĐT Thành Phố Hồ Chí Minh,7.8,7.75,7.5,6.5,,,,8,7.75,2022
02000391,Sở GD&ĐT Thành Phố Hồ Chí Minh,8,7.5,,,6.75,,3.5,7.8,,2022
02000392,Sở GD&ĐT Thành Phố Hồ Chí Minh,7.2,8,8,6,,,,6.6,7.5,2022
02000393,Sở GD&ĐT Thành Phố Hồ Chí Minh,6.8,8,6.5,6.25,,,,6.6,8,2022
02000394,Sở GD&ĐT Thành Phố Hồ Chí Minh,8,7,,,6.75,,7,8.8,,2022
02000395,Sở GD&ĐT Thành Phố Hồ Chí Minh,8,7.5,,,6,,6.5,9,,2022
02000396,Sở GD&ĐT Thành Phố Hồ Chí Minh,6.2,8.25,,,6.25,,4.75,5.6,,2022
02000397,Sở GD&ĐT Thành Phố Hồ Chí Minh,8,7.5,,,7.75,,6.25,8.6,,2022
02000398,Sở GD&ĐT Thành Phố Hồ Chí Minh,8,7.5,,,6,,3.75,7.6,,2022
02000399,Sở GD&ĐT Thành Phố Hồ Chí Minh,8.8,6.5,,,8.5,,3.75,9,,2022
02000400,Sở GD&ĐT Thành Phố Hồ Chí Minh,8.2,6.75,,,6.5,,6,9.2,,2022
02000401,Sở GD&ĐT Thành Phố Hồ Chí Minh,8.4,7.5,8,8.25,,,,8,8.75,2022
02000402,Sở GD&ĐT Thành Phố Hồ Chí Minh,8.4,6.75,,,7.5,,4,8.8,,2022
02000403,Sở GD&ĐT Thành Phố Hồ Chí Minh,6.4,6.75,6.75,7.25,,,,7.8,8.5,2022
02000404,Sở GD&ĐT Thành Phố Hồ Chí Minh,7.6,6.75,,,7.5,,3.25,7.4,,2022
02000405,Sở GD&ĐT Thành Phố Hồ Chí Minh,8.8,6.5,,,2.5,,6,4.6,,2022
02000406,Sở GD&ĐT Thành Phố Hồ Chí Minh,8.2,7,,,5.75,,3.5,8,,2022
02000407,Sở GD&ĐT Thành Phố Hồ Chí Minh,7.4,6,4.25,6,,,,6.4,8,2022
02000408,Sở GD&ĐT Thành Phố Hồ Chí Minh,7.8,7.25,,,6.5,,5,8.6,,2022
02000409,Sở GD&ĐT Thành Phố Hồ Chí Minh,8,8,6,7.25,,,,6.4,8.25,2022
02000410,Sở GD&ĐT Thành Phố Hồ Chí Minh,8.2,8,7.25,8,,,,8.4,8.75,2022
02000411,Sở GD&ĐT Thành Phố Hồ Chí Minh,9,7.5,7.25,8,,,,9.2,8.25,2022
02000412,Sở GD&ĐT Thành Phố Hồ Chí Minh,9,7,,,7.5,,5.25,8.2,,2022
02000413,Sở GD&ĐT Thành Phố Hồ Chí Minh,7.8,4.25,,,6.75,,4,8.4,,2022
02000414,Sở GD&ĐT Thành Phố Hồ Chí Minh,7.6,7.75,7,7.5,,,,8.8,7.25,2022
02000415,Sở GD&ĐT Thành Phố Hồ Chí Minh,8.4,6.5,,,6.25,,2.5,4.6,,2022
02000416,Sở GD&ĐT Thành Phố Hồ Chí Minh,8.4,7,,,7.75,,6.25,8.6,,2022
02000417,Sở GD&ĐT Thành Phố Hồ Chí Minh,7.8,6.75,,,7,,5.5,9.2,,2022
02000418,Sở GD&ĐT Thành Phố Hồ Chí Minh,8.2,7.5,,,9,,6.25,7.6,,2022
02000419,Sở GD&ĐT Thành Phố Hồ Chí Minh,6.2,7,,,7,,3.5,9,,2022
02000420,Sở GD&ĐT Thành Phố Hồ Chí Minh,7.6,5.5,,,5.5,,4,8,,2022
02000421,Sở GD&ĐT Thành Phố Hồ Chí Minh,8,5,,,7.5,,2.5,9.2,,2022
02000422,Sở GD&ĐT Thành Phố Hồ Chí Minh,8.4,5.75,,,7.25,,3,7.6,,2022
02000423,Sở GD&ĐT Thành Phố Hồ Chí Minh,7.4,7.25,,,5.75,,4.25,7.2,,2022
02000424,Sở GD&ĐT Thành Phố Hồ Chí Minh,8.6,4.75,,,7,,5.25,9,,2022
02000425,Sở GD&ĐT Thành Phố Hồ Chí Minh,7.2,7,6.75,6.75,,,,8,8.25,2022
02000426,Sở GD&ĐT Thành Phố Hồ Chí Minh,8.6,5.75,8.5,7.5,,,,7.8,8.75,2022
02000427,Sở GD&ĐT Thành Phố Hồ Chí Minh,7.4,6.5,,,6,,3,8.4,,2022
02000428,Sở GD&ĐT Thành Phố Hồ Chí Minh,7.8,6,7,6.25,,,,7.4,8.25,2022
02000429,Sở GD&ĐT Thành Phố Hồ Chí Minh,7.4,5.75,,,6.25,,3.25,8.6,,2022
02000430,Sở GD&ĐT Thành Phố Hồ Chí Minh,8.6,5,,,7.75,,4,8,,2022
02000431,Sở GD&ĐT Thành Phố Hồ Chí Minh,8.4,6.5,,,7,,3.5,8.4,,2022
02000432,Sở GD&ĐT Thành Phố Hồ Chí Minh,8,7,6.5,6.5,,,,9,8.75,2022
02000433,Sở GD&ĐT Thành Phố Hồ Chí Minh,8.4,7,,,7.75,,3.75,7.6,,2022
02000434,Sở GD&ĐT Thành Phố Hồ Chí Minh,5.6,6.75,,,5.5,,5,9.4,,2022
02000435,Sở GD&ĐT Thành Phố Hồ Chí Minh,7.8,7.75,,,5,,8,6.4,,2022
02000436,Sở GD&ĐT Thành Phố Hồ Chí Minh,6,7.75,5.25,6,,,,7.4,7,2022
02000437,Sở GD&ĐT Thành Phố Hồ Chí Minh,8.2,7,,,5.75,,4.5,9,,2022
02000438,Sở GD&ĐT Thành Phố Hồ Chí Minh,8.4,7.25,,,7.75,,3.25,9.2,,2022
02000439,Sở GD&ĐT Thành Phố Hồ Chí Minh,8,7,,,7.5,,4.5,8.4,,2022
02000440,Sở GD&ĐT Thành Phố Hồ Chí Minh,8.2,6.5,,,8.5,,4,7.6,,2022
02000441,Sở GD&ĐT Thành Phố Hồ Chí Minh,7.6,7.25,7.75,7.25,,,,8.8,8.5,2022
02000442,Sở GD&ĐT Thành Phố Hồ Chí Minh,8.4,6,,,8.25,,5,9.4,,2022
02000443,Sở GD&ĐT Thành Phố Hồ Chí Minh,8.2,5.5,,,6.75,,5,7.4,,2022
02000444,Sở GD&ĐT Thành Phố Hồ Chí Minh,8,7,7.25,6.5,,,,8.6,8.5,2022
02000445,Sở GD&ĐT Thành Phố Hồ Chí Minh,8.2,6.25,,,8,,8,9.4,,2022
02000446,Sở GD&ĐT Thành Phố Hồ Chí Minh,8.4,6.75,,,7.75,,5.75,8.8,,2022
02000447,Sở GD&ĐT Thành Phố Hồ Chí Minh,8,5.5,,,8.5,,3,9,,2022
02000448,Sở GD&ĐT Thành Phố Hồ Chí Minh,8.6,5.25,,,7,,8.5,6.6,,2022
02000449,Sở GD&ĐT Thành Phố Hồ Chí Minh,8.8,6.75,,,8.25,,5,5.8,,2022
02000450,Sở GD&ĐT Thành Phố Hồ Chí Minh,8.4,6.25,,,6.75,,5.75,7.6,,2022
02000451,Sở GD&ĐT Thành Phố Hồ Chí Minh,7.6,7.75,,,7.5,,3.75,7.4,,2022
02000452,Sở GD&ĐT Thành Phố Hồ Chí Minh,8.4,6.5,,,7.5,,5.25,7.4,,2022
02000453,Sở GD&ĐT Thành Phố Hồ Chí Minh,8.4,7.25,,,7.5,,4.25,8.8,,2022
02000454,Sở GD&ĐT Thành Phố Hồ Chí Minh,7.6,6.75,,,5.5,,4.5,,,2022
02000455,Sở GD&ĐT Thành Phố Hồ Chí Minh,7.8,6.5,,,7.5,,4.75,8.6,,2022
02000456,Sở GD&ĐT Thành Phố Hồ Chí Minh,8,4.75,,,6.25,,3,8.4,,2022
02000457,Sở GD&ĐT Thành Phố Hồ Chí Minh,7.6,7,,,7.5,,5.25,7.6,,2022
02000458,Sở GD&ĐT Thành Phố Hồ Chí Minh,7.6,6.75,8.75,8.25,,,,7.4,8.5,2022
02000459,Sở GD&ĐT Thành Phố Hồ Chí Minh,7.2,7.5,,,6.5,,4.75,8.4,,2022
02000460,Sở GD&ĐT Thành Phố Hồ Chí Minh,7.2,7,9,7.5,,,,8.6,9,2022
02000461,Sở GD&ĐT Thành Phố Hồ Chí Minh,8.4,6.75,,,8.5,,3.25,8.6,,2022
02000462,Sở GD&ĐT Thành Phố Hồ Chí Minh,8.2,6.25,,,8,,4,7.4,,2022
02000463,Sở GD&ĐT Thành Phố Hồ Chí Minh,8,5.5,,,7.25,,4.75,8.4,,2022
02000464,Sở GD&ĐT Thành Phố Hồ Chí Minh,7.4,7,,,5,,3,8.6,,2022
02000465,Sở GD&ĐT Thành Phố Hồ Chí Minh,8.6,7.75,7.5,7.25,,,,8.4,9,2022
02000466,Sở GD&ĐT Thành Phố Hồ Chí Minh,8.2,4.5,,,8,,2,8.6,,2022
02000467,Sở GD&ĐT Thành Phố Hồ Chí Minh,8.2,6.5,,,6.5,,4.5,8.2,,2022
02000468,Sở GD&ĐT Thành Phố Hồ Chí Minh,7.6,8.5,8,7.25,,,,7.2,7,2022
02000469,Sở GD&ĐT Thành Phố Hồ Chí Minh,7.2,8,8,7,,,,7.6,7.75,2022
02000470,Sở GD&ĐT Thành Phố Hồ Chí Minh,7.6,7,,,6.5,,5,8,,2022
02000471,Sở GD&ĐT Thành Phố Hồ Chí Minh,8.6,6.75,,,7.75,,5.75,7,,2022
02000472,Sở GD&ĐT Thành Phố Hồ Chí Minh,8.6,7,,,8,,6.75,9.6,,2022
02000473,Sở GD&ĐT Thành Phố Hồ Chí Minh,7.6,6.5,,,6,,4.75,9.2,,2022
02000474,Sở GD&ĐT Thành Phố Hồ Chí Minh,8,6.75,,,4.75,,5.5,8.6,,2022
02000475,Sở GD&ĐT Thành Phố Hồ Chí Minh,8.2,7.5,6.5,7.75,,,,8.8,8.5,2022
02000476,Sở GD&ĐT Thành Phố Hồ Chí Minh,7.8,6.25,,,5.75,,4.25,5.2,,2022
02000477,Sở GD&ĐT Thành Phố Hồ Chí Minh,8.4,7,,,6.25,,5.25,6.6,,2022
02000478,Sở GD&ĐT Thành Phố Hồ Chí Minh,8.4,4.75,,,6.75,,3.5,7.4,,2022
02000479,Sở GD&ĐT Thành Phố Hồ Chí Minh,8.2,6.5,,,7.5,,4,8.2,,2022
02000480,Sở GD&ĐT Thành Phố Hồ Chí Minh,8,5.75,,,7,,6.25,7.8,,2022
02000481,Sở GD&ĐT Thành Phố Hồ Chí Minh,7.4,7,,,6.5,,4,7,,2022
02000482,Sở GD&ĐT Thành Phố Hồ Chí Minh,7.4,8,,,5,,6,8.4,,2022
02000483,Sở GD&ĐT Thành Phố Hồ Chí Minh,6.8,3.25,,,5.5,,2.75,9,,2022
02000484,Sở GD&ĐT Thành Phố Hồ Chí Minh,7.6,6.75,,,6.25,,3,7.4,,2022
02000485,Sở GD&ĐT Thành Phố Hồ Chí Minh,7.8,7.5,7.5,7,,,,7.6,7.75,2022
02000486,Sở GD&ĐT Thành Phố Hồ Chí Minh,7.8,6.75,,,6.75,,3.75,8.6,,2022
02000487,Sở GD&ĐT Thành Phố Hồ Chí Minh,8.4,6.75,,,6.5,,3.5,9.2,,2022
02000488,Sở GD&ĐT Thành Phố Hồ Chí Minh,7.6,6.25,,,6,,4.25,6.8,,2022
02000489,Sở GD&ĐT Thành Phố Hồ Chí Minh,8.4,5,,,8.75,,5.75,8.8,,2022
02000490,Sở GD&ĐT Thành Phố Hồ Chí Minh,8.2,8.75,,,7.25,,8.5,8.4,,2022
02000491,Sở GD&ĐT Thành Phố Hồ Chí Minh,7.8,7.25,,,7.25,,3.75,9,,2022
02000492,Sở GD&ĐT Thành Phố Hồ Chí Minh,8.2,6.75,,,7.5,,5.5,8,,2022
02000493,Sở GD&ĐT Thành Phố Hồ Chí Minh,7,6.5,7.25,7.75,,,,7.8,9,2022
02000494,Sở GD&ĐT Thành Phố Hồ Chí Minh,7.8,6,,,7.75,,7.25,9.2,,2022
02000495,Sở GD&ĐT Thành Phố Hồ Chí Minh,5,6.25,6.75,6,,,,7.8,7.75,2022
02000496,Sở GD&ĐT Thành Phố Hồ Chí Minh,7.2,6.75,8,7.5,,,,8.2,7,2022
02000497,Sở GD&ĐT Thành Phố Hồ Chí Minh,7.8,7,,,6,,3.75,9,,2022
02000498,Sở GD&ĐT Thành Phố Hồ Chí Minh,8.4,7.5,7,8.25,,,,9,9.25,2022
02000499,Sở GD&ĐT Thành Phố Hồ Chí Minh,6.8,7.75,7.75,6.75,,,,8.4,9,2022
02000500,Sở GD&ĐT Thành Phố Hồ Chí Minh,5.2,5,6.75,7.5,,,,7.2,7.75,2022
02000501,Sở GD&ĐT Thành Phố Hồ Chí Minh,8,7,,,5.75,,4.75,8,,2022
02000502,Sở GD&ĐT Thành Phố Hồ Chí Minh,7.8,7.25,8.75,7.25,,,,9.6,9,2022
02000503,Sở GD&ĐT Thành Phố Hồ Chí Minh,8.2,6.5,,,4.5,,6,5,,2022
02000504,Sở GD&ĐT Thành Phố Hồ Chí Minh,8.2,7.25,,,6,,5,9.4,,2022
02000505,Sở GD&ĐT Thành Phố Hồ Chí Minh,7.4,7.33,6.75,6,,,,7.4,10,2022
02000506,Sở GD&ĐT Thành Phố Hồ Chí Minh,7.8,6.25,,,7.5,,6,6.4,,2022
02000507,Sở GD&ĐT Thành Phố Hồ Chí Minh,8.4,6.5,,,9.25,,4.75,8.6,,2022
02000508,Sở GD&ĐT Thành Phố Hồ Chí Minh,8,8,7.75,7.5,,,,8.6,8.75,2022
02000509,Sở GD&ĐT Thành Phố Hồ Chí Minh,7.6,7,8,6.75,,,,9.6,8.75,2022
02000510,Sở GD&ĐT Thành Phố Hồ Chí Minh,7.8,6.5,7.25,7,,,,8,8.5,2022
02000511,Sở GD&ĐT Thành Phố Hồ Chí Minh,7.4,5.75,,,3.75,,6.25,3.6,,2022
02000512,Sở GD&ĐT Thành Phố Hồ Chí Minh,8,6.75,,,6,,8.25,7,,2022
02000513,Sở GD&ĐT Thành Phố Hồ Chí Minh,8.6,6.75,,,6.5,,4,6.8,,2022
02000514,Sở GD&ĐT Thành Phố Hồ Chí Minh,6.8,6.5,7.75,6.5,,,,8.6,8.25,2022
02000515,Sở GD&ĐT Thành Phố Hồ Chí Minh,7.8,7.5,6,6,,,,6.2,8.5,2022
02000516,Sở GD&ĐT Thành Phố Hồ Chí Minh,8.6,5.75,,,7.75,,5.75,8.6,,2022
02000517,Sở GD&ĐT Thành Phố Hồ Chí Minh,8,6.58,7.25,8,,,,8.8,8,2022
02000518,Sở GD&ĐT Thành Phố Hồ Chí Minh,7.8,6,,,6.5,,5,5.8,,2022
02000519,Sở GD&ĐT Thành Phố Hồ Chí Minh,5.2,7.5,,,5.75,,3.75,6.4,,2022
02000520,Sở GD&ĐT Thành Phố Hồ Chí Minh,8.2,6.75,,,8.25,,4,7.6,,2022
02000521,Sở GD&ĐT Thành Phố Hồ Chí Minh,7.2,6,,,6.5,,2.25,8,,2022
02000522,Sở GD&ĐT Thành Phố Hồ Chí Minh,8.4,6,,,7.25,,4.25,8.4,,2022
02000523,Sở GD&ĐT Thành Phố Hồ Chí Minh,8,6.75,,,7.25,,6,9.6,,2022
02000524,Sở GD&ĐT Thành Phố Hồ Chí Minh,6.6,7.25,,,4.75,,2.75,7.8,,2022
02000525,Sở GD&ĐT Thành Phố Hồ Chí Minh,7.8,7,,,6,,7,7.6,,2022
02000526,Sở GD&ĐT Thành Phố Hồ Chí Minh,6.6,5.5,,,4.25,,5.25,7.8,,2022
02000527,Sở GD&ĐT Thành Phố Hồ Chí Minh,7.2,7.25,5.25,4.5,,,,8.4,7.25,2022
02000528,Sở GD&ĐT Thành Phố Hồ Chí Minh,8.2,7,,,7.5,,7.75,9.2,,2022
02000529,Sở GD&ĐT Thành Phố Hồ Chí Minh,8.6,8.25,8,7.75,,,,8.4,8.5,2022
02000530,Sở GD&ĐT Thành Phố Hồ Chí Minh,6.2,6.25,,,6,,3.25,5.4,,2022
02000531,Sở GD&ĐT Thành Phố Hồ Chí Minh,7.4,7,6.75,6.25,,,,7.6,7.25,2022
02000532,Sở GD&ĐT Thành Phố Hồ Chí Minh,7.2,6.5,6.75,6.75,,,,9,7.5,2022
02000533,Sở GD&ĐT Thành Phố Hồ Chí Minh,7.6,7,6.75,5.75,,,,7.2,8.5,2022
02000534,Sở GD&ĐT Thành Phố Hồ Chí Minh,6,7,,,6.25,,4,6.8,,2022
02000535,Sở GD&ĐT Thành Phố Hồ Chí Minh,8,6.25,8.75,7,,,,8.2,9,2022
02000536,Sở GD&ĐT Thành Phố Hồ Chí Minh,8,7,5.75,7,,,,7.8,8,2022
02000537,Sở GD&ĐT Thành Phố Hồ Chí Minh,7.6,6.75,,,6.25,,4.25,8.4,,2022
02000538,Sở GD&ĐT Thành Phố Hồ Chí Minh,6.8,7.5,5.25,6.25,,,,6.6,7.25,2022
02000539,Sở GD&ĐT Thành Phố Hồ Chí Minh,7.4,6.5,,,7.25,,4.5,,,2022
02000540,Sở GD&ĐT Thành Phố Hồ Chí Minh,8.2,7,,,5,,7.25,8.6,,2022
02000541,Sở GD&ĐT Thành Phố Hồ Chí Minh,8.4,7,8.25,7.75,,,,9.2,8.5,2022
02000542,Sở GD&ĐT Thành Phố Hồ Chí Minh,7.6,6.5,4.75,6.5,,,,6.8,7.75,2022
02000543,Sở GD&ĐT Thành Phố Hồ Chí Minh,7.4,5.5,,,7.75,,4,9.2,,2022
02000544,Sở GD&ĐT Thành Phố Hồ Chí Minh,7.2,7.75,8,7.25,,,,7.8,8.25,2022
02000545,Sở GD&ĐT Thành Phố Hồ Chí Minh,8.2,6.75,,,4,,5.5,5,,2022
02000546,Sở GD&ĐT Thành Phố Hồ Chí Minh,7.4,7,7.5,6.5,,,,8.4,8,2022
02000547,Sở GD&ĐT Thành Phố Hồ Chí Minh,8.4,7,,,7.75,,5.5,7.6,,2022
02000548,Sở GD&ĐT Thành Phố Hồ Chí Minh,7.2,7.25,,,4.75,,6.25,6.6,,2022
02000549,Sở GD&ĐT Thành Phố Hồ Chí Minh,6.8,6.75,7,5.5,,,,9.2,7.75,2022
02000550,Sở GD&ĐT Thành Phố Hồ Chí Minh,8,7.25,,,6.25,,5,,,2022
02000551,Sở GD&ĐT Thành Phố Hồ Chí Minh,7.4,4.25,8.25,6.5,,,,8.8,7,2022
02000552,Sở GD&ĐT Thành Phố Hồ Chí Minh,8.4,7.75,7.25,7.25,,,,9.6,8,2022
02000553,Sở GD&ĐT Thành Phố Hồ Chí Minh,9,7.25,,,5,,5.75,7.2,,2022
02000554,Sở GD&ĐT Thành Phố Hồ Chí Minh,8.4,7.25,,,8.25,,6.75,7.2,,2022
02000555,Sở GD&ĐT Thành Phố Hồ Chí Minh,7.6,7.5,8.75,6.75,,,,7.6,8.25,2022
02000556,Sở GD&ĐT Thành Phố Hồ Chí Minh,5.8,6.5,,,3.25,,3.5,8.2,,2022
02000557,Sở GD&ĐT Thành Phố Hồ Chí Minh,7.4,5.25,,,7,,4.75,6.2,,2022
02000558,Sở GD&ĐT Thành Phố Hồ Chí Minh,8.6,6.25,,,7.5,,3.75,7,,2022
02000559,Sở GD&ĐT Thành Phố Hồ Chí Minh,7.8,6,,,8.5,,4.25,7.8,,2022
02000560,Sở GD&ĐT Thành Phố Hồ Chí Minh,9.2,5.5,,,8,,5,9,,2022
02000561,Sở GD&ĐT Thành Phố Hồ Chí Minh,6.2,8,7.5,5.75,,,,8.2,7.25,2022
02000562,Sở GD&ĐT Thành Phố Hồ Chí Minh,8.6,8.25,6.75,7,,,,8.2,7.75,2022
02000563,Sở GD&ĐT Thành Phố Hồ Chí Minh,7.6,6.75,6.25,7,,,,8.6,7.5,2022
02000564,Sở GD&ĐT Thành Phố Hồ Chí Minh,4,7,6.5,7,,,,6.6,7.5,2022
02000565,Sở GD&ĐT Thành Phố Hồ Chí Minh,8,6.5,8.5,8,,,,6.2,9.5,2022
02000566,Sở GD&ĐT Thành Phố Hồ Chí Minh,7,6.5,5.25,6.75,,,,8,7.5,2022
02000567,Sở GD&ĐT Thành Phố Hồ Chí Minh,8.4,7.75,,,7.75,,4,6,,2022
02000568,Sở GD&ĐT Thành Phố Hồ Chí Minh,8.6,7,,,7.5,,4.5,5.4,,2022
02000569,Sở GD&ĐT Thành Phố Hồ Chí Minh,7.8,6.5,,,5.25,,3.5,6.8,,2022
02000570,Sở GD&ĐT Thành Phố Hồ Chí Minh,8.2,7,,,7.75,,5.25,8.2,,2022
02000571,Sở GD&ĐT Thành Phố Hồ Chí Minh,7.8,7.5,,,6.5,,6.5,8,,2022
02000572,Sở GD&ĐT Thành Phố Hồ Chí Minh,8.4,7.5,,,6.75,,3.5,8,,2022
02000573,Sở GD&ĐT Thành Phố Hồ Chí Minh,8,7.75,7.25,7.75,,,,8,7.75,2022
02000574,Sở GD&ĐT Thành Phố Hồ Chí Minh,6.6,6,5.5,6,,,,6.2,7.5,2022
02000575,Sở GD&ĐT Thành Phố Hồ Chí Minh,8,6.5,,,7.25,,4.25,8,,2022
02000576,Sở GD&ĐT Thành Phố Hồ Chí Minh,8.2,7.75,,,5.25,,8.25,6.8,,2022
02000577,Sở GD&ĐT Thành Phố Hồ Chí Minh,6.8,7.75,,,4.5,,5.5,8,,2022
02000578,Sở GD&ĐT Thành Phố Hồ Chí Minh,7.2,8.25,5.75,6.5,,,,8.8,9,2022
02000579,Sở GD&ĐT Thành Phố Hồ Chí Minh,8.2,7.5,,,5.75,,4.25,9,,2022
02000580,Sở GD&ĐT Thành Phố Hồ Chí Minh,7.6,7.5,,,7.75,,4.5,6.4,,2022
02000581,Sở GD&ĐT Thành Phố Hồ Chí Minh,8.2,7,,,6.75,,6.25,8.8,,2022
02000582,Sở GD&ĐT Thành Phố Hồ Chí Minh,8.6,7,,,8,,5.5,9,,2022
02000583,Sở GD&ĐT Thành Phố Hồ Chí Minh,8.2,6.25,,,6,,3.5,6.6,,2022
02000584,Sở GD&ĐT Thành Phố Hồ Chí Minh,9,5.75,,,8.25,,4.75,7.6,,2022
02000585,Sở GD&ĐT Thành Phố Hồ Chí Minh,7.8,6.5,,,8.25,,4,7.2,,2022
02000586,Sở GD&ĐT Thành Phố Hồ Chí Minh,7,8,8.5,6,,,,7.2,8.5,2022
02000587,Sở GD&ĐT Thành Phố Hồ Chí Minh,7.8,7.5,,,4.75,,5.75,5.4,,2022
02000588,Sở GD&ĐT Thành Phố Hồ Chí Minh,7.8,8.25,,,7.25,,7.25,7.6,,2022
02000589,Sở GD&ĐT Thành Phố Hồ Chí Minh,7.8,7.75,,,8.25,,4.75,8,,2022
02000590,Sở GD&ĐT Thành Phố Hồ Chí Minh,8.4,7.25,,,8,,6.75,9.2,,2022
02000591,Sở GD&ĐT Thành Phố Hồ Chí Minh,8.2,7.5,,,7.5,,3,8.2,,2022
02000592,Sở GD&ĐT Thành Phố Hồ Chí Minh,8.4,5.5,,,8.25,,3.25,5.8,,2022
02000593,Sở GD&ĐT Thành Phố Hồ Chí Minh,7.6,7,,,7.25,,4.5,9.4,,2022
02000594,Sở GD&ĐT Thành Phố Hồ Chí Minh,9,5.75,,,7.25,,5,8,,2022
02000595,Sở GD&ĐT Thành Phố Hồ Chí Minh,8.4,6.5,,,8.25,,4.75,8,,2022
02000596,Sở GD&ĐT Thành Phố Hồ Chí Minh,8.6,7,,,7.5,,6.75,8.6,,2022
02000597,Sở GD&ĐT Thành Phố Hồ Chí Minh,7,7.5,,,4.5,,4.5,8.2,,2022
02000598,Sở GD&ĐT Thành Phố Hồ Chí Minh,8.8,6.25,,,8,,4.75,6.8,,2022
02000599,Sở GD&ĐT Thành Phố Hồ Chí Minh,7,6.25,,,6.25,,4.75,9,,2022
02000600,Sở GD&ĐT Thành Phố Hồ Chí Minh,8.2,5.5,,,7.5,,3.25,6.4,,2022
02000601,Sở GD&ĐT Thành Phố Hồ Chí Minh,7.6,7,,,6,,5.75,7.8,,2022
02000602,Sở GD&ĐT Thành Phố Hồ Chí Minh,8.2,7,,,6.5,,7,9.8,,2022
02000603,Sở GD&ĐT Thành Phố Hồ Chí Minh,8.8,8.5,7.5,7.5,,,,9,8.25,2022
02000604,Sở GD&ĐT Thành Phố Hồ Chí Minh,8.6,8.25,,,8.75,,4,7.4,,2022
02000605,Sở GD&ĐT Thành Phố Hồ Chí Minh,7,6.75,,,7,,4.25,5,,2022
02000606,Sở GD&ĐT Thành Phố Hồ Chí Minh,7.8,7.25,,,6.75,,5,6.2,,2022
02000607,Sở GD&ĐT Thành Phố Hồ Chí Minh,8,7.25,8.5,8.25,,,,9,9.25,2022
02000608,Sở GD&ĐT Thành Phố Hồ Chí Minh,8.8,6.75,,,6.25,,4.25,8,,2022
02000609,Sở GD&ĐT Thành Phố Hồ Chí Minh,7.8,6.75,,,5.5,,3.5,6.2,,2022
02000610,Sở GD&ĐT Thành Phố Hồ Chí Minh,7.6,7.5,8.75,7.5,,,,9,8.25,2022
02000611,Sở GD&ĐT Thành Phố Hồ Chí Minh,7.6,8,8.5,6.75,,,,8.6,8.5,2022
02000612,Sở GD&ĐT Thành Phố Hồ Chí Minh,7.6,8.25,8.5,7.75,,,,8.2,9,2022
02000613,Sở GD&ĐT Thành Phố Hồ Chí Minh,8,7.5,7,7,,,,,8.5,2022
02000614,Sở GD&ĐT Thành Phố Hồ Chí Minh,8.2,7.25,,,6.25,,5.75,7.8,,2022
02000615,Sở GD&ĐT Thành Phố Hồ Chí Minh,7,8.75,7.75,7,,,,8.8,8.5,2022
02000616,Sở GD&ĐT Thành Phố Hồ Chí Minh,7.2,7,7.75,7.5,,,,7.6,7.5,2022
02000617,Sở GD&ĐT Thành Phố Hồ Chí Minh,8,5.25,,,6.5,,2.5,9,,2022
02000618,Sở GD&ĐT Thành Phố Hồ Chí Minh,8.6,7.5,,,9,,4.75,8,,2022
02000619,Sở GD&ĐT Thành Phố Hồ Chí Minh,6.2,7.5,6.5,6,,,,8,8.5,2022
02000620,Sở GD&ĐT Thành Phố Hồ Chí Minh,7.2,7,,,4.5,,2.25,7.2,,2022
02000621,Sở GD&ĐT Thành Phố Hồ Chí Minh,8.8,7.25,,,8,,5.75,8.8,,2022
02000622,Sở GD&ĐT Thành Phố Hồ Chí Minh,6,5.25,,,3,,5.25,6.2,,2022
02000623,Sở GD&ĐT Thành Phố Hồ Chí Minh,7.2,7.75,9.25,6.75,,,,7.6,9,2022
02000624,Sở GD&ĐT Thành Phố Hồ Chí Minh,7,6.75,8.5,7.75,,,,8.4,8.5,2022
02000625,Sở GD&ĐT Thành Phố Hồ Chí Minh,8.4,6.75,,,8.75,,5,9.6,,2022
02000626,Sở GD&ĐT Thành Phố Hồ Chí Minh,6.8,5.75,5.75,5.5,,,,,7.75,2022
02000627,Sở GD&ĐT Thành Phố Hồ Chí Minh,8,7.25,,,8,,6,6.6,,2022
02000628,Sở GD&ĐT Thành Phố Hồ Chí Minh,8.6,6.75,,,5,,8,7.4,,2022
02000629,Sở GD&ĐT Thành Phố Hồ Chí Minh,7.8,6.5,,,6,,3.75,8.8,,2022
02000630,Sở GD&ĐT Thành Phố Hồ Chí Minh,7.8,7,8.25,7.75,,,,8.4,8.25,2022
02000631,Sở GD&ĐT Thành Phố Hồ Chí Minh,9,7.5,4,5.25,,,,7.2,7.5,2022
02000632,Sở GD&ĐT Thành Phố Hồ Chí Minh,6.2,6.75,8,7,,,,7.8,8.25,2022
02000633,Sở GD&ĐT Thành Phố Hồ Chí Minh,8.2,8,,,8.5,,4.75,6,,2022
02000634,Sở GD&ĐT Thành Phố Hồ Chí Minh,8.2,4,5.5,6.5,,,,8.8,8.25,2022
02000635,Sở GD&ĐT Thành Phố Hồ Chí Minh,7.6,7,,,6.5,,5,9,,2022
02000636,Sở GD&ĐT Thành Phố Hồ Chí Minh,7.4,8.25,7.5,6,,,,7.8,8,2022
02000637,Sở GD&ĐT Thành Phố Hồ Chí Minh,8,7.25,,,7,,4.75,6.6,,2022
02000638,Sở GD&ĐT Thành Phố Hồ Chí Minh,6.6,7,6.5,7.25,,,,5.8,7,2022
02000639,Sở GD&ĐT Thành Phố Hồ Chí Minh,8.2,9.25,6,6,,,,7.6,6.5,2022
02000640,Sở GD&ĐT Thành Phố Hồ Chí Minh,7.6,7.75,4.75,5.75,,,,6.2,7.75,2022
02000641,Sở GD&ĐT Thành Phố Hồ Chí Minh,5.6,7.5,,,5,,5.25,8.4,,2022
02000642,Sở GD&ĐT Thành Phố Hồ Chí Minh,7.4,6.75,7,5.75,,,,8,8.25,2022
02000643,Sở GD&ĐT Thành Phố Hồ Chí Minh,8,7.5,6.25,7.5,,,,8.8,8,2022
02000644,Sở GD&ĐT Thành Phố Hồ Chí Minh,6.4,6.5,7.75,5.75,,,,8,7,2022
02000645,Sở GD&ĐT Thành Phố Hồ Chí Minh,7,6.75,5.75,6,,,,8.4,8.25,2022
02000646,Sở GD&ĐT Thành Phố Hồ Chí Minh,8,7,,,6.5,,7.5,,,2022
02000647,Sở GD&ĐT Thành Phố Hồ Chí Minh,8.6,7.75,9.25,8.25,,,,9,8.25,2022
02000648,Sở GD&ĐT Thành Phố Hồ Chí Minh,7.2,6.75,,,4.5,,3.5,5.6,,2022
02000649,Sở GD&ĐT Thành Phố Hồ Chí Minh,8.4,8,8.25,8.75,,,,9.4,8.25,2022
02000650,Sở GD&ĐT Thành Phố Hồ Chí Minh,8.2,9,8,7,,,,9.6,8.75,2022
02000651,Sở GD&ĐT Thành Phố Hồ Chí Minh,6.8,7.75,6.5,6.75,,,,8.6,7.5,2022
02000652,Sở GD&ĐT Thành Phố Hồ Chí Minh,6.8,6.25,7.25,5.75,,,,8.4,8.25,2022
02000653,Sở GD&ĐT Thành Phố Hồ Chí Minh,7.6,7.25,6.5,7,,,,6.8,7.75,2022
02000654,Sở GD&ĐT Thành Phố Hồ Chí Minh,7.4,8,6.25,7.75,,,,8.6,7,2022
02000655,Sở GD&ĐT Thành Phố Hồ Chí Minh,7.6,7,8.25,8.25,,,,9.4,8.5,2022
02000656,Sở GD&ĐT Thành Phố Hồ Chí Minh,9.2,7,,,7.75,,7.75,8.6,,2022
02000657,Sở GD&ĐT Thành Phố Hồ Chí Minh,8.4,6.75,,,8,,6,8.2,,2022
02000658,Sở GD&ĐT Thành Phố Hồ Chí Minh,8.2,6.75,,,6,,4.25,7.4,,2022
02000659,Sở GD&ĐT Thành Phố Hồ Chí Minh,8.8,5.5,,,6,,8,8.4,,2022
02000660,Sở GD&ĐT Thành Phố Hồ Chí Minh,7,7,6.5,6.5,,,,9.6,7.25,2022
02000661,Sở GD&ĐT Thành Phố Hồ Chí Minh,7.8,4,,,7.75,,3.75,5.2,,2022
02000662,Sở GD&ĐT Thành Phố Hồ Chí Minh,6.6,7,,,6.25,,6,,,2022
02000663,Sở GD&ĐT Thành Phố Hồ Chí Minh,7,4.25,,,2,,2.25,2.2,,2022
02000664,Sở GD&ĐT Thành Phố Hồ Chí Minh,7.4,5.5,8.5,8.5,,,,,8.5,2022
02000665,Sở GD&ĐT Thành Phố Hồ Chí Minh,4.4,5.5,8.75,8,,,,3.8,8,2022
02000666,Sở GD&ĐT Thành Phố Hồ Chí Minh,6.4,5.25,6.75,5.75,,,,4,7.25,2022
02000667,Sở GD&ĐT Thành Phố Hồ Chí Minh,8.8,7.25,,,6.25,,6.25,8.8,,2022
02000668,Sở GD&ĐT Thành Phố Hồ Chí Minh,8.8,4.25,,,7.25,,5.75,9,,2022
02000669,Sở GD&ĐT Thành Phố Hồ Chí Minh,7.2,5,,,6,,4.5,7.2,,2022
02000670,Sở GD&ĐT Thành Phố Hồ Chí Minh,8.2,7,9,7.75,,,,9,9.75,2022
02000671,Sở GD&ĐT Thành Phố Hồ Chí Minh,7,7.5,7,6.75,,,,7.4,7,2022
02000672,Sở GD&ĐT Thành Phố Hồ Chí Minh,7.8,6,4.5,7.75,,,,8.6,7.25,2022
02000673,Sở GD&ĐT Thành Phố Hồ Chí Minh,8.4,6.75,8.75,7.25,,,,9.4,8,2022
02000674,Sở GD&ĐT Thành Phố Hồ Chí Minh,8.6,6.75,,,8.25,,5.75,9.8,,2022
02000675,Sở GD&ĐT Thành Phố Hồ Chí Minh,9,5,,,7.75,,7.25,,,2022
02000676,Sở GD&ĐT Thành Phố Hồ Chí Minh,3.8,6.5,4.25,5.5,,,,3,6.5,2022
02000677,Sở GD&ĐT Thành Phố Hồ Chí Minh,8.8,5.75,,,6.75,,4.5,9.2,,2022
02000678,Sở GD&ĐT Thành Phố Hồ Chí Minh,8.8,7.75,,,7.25,,4.75,8.6,,2022
02000679,Sở GD&ĐT Thành Phố Hồ Chí Minh,7.2,7,8,7.5,,,,7,8.25,2022
02000680,Sở GD&ĐT Thành Phố Hồ Chí Minh,7,7.25,8.25,8,,,,9.8,9.25,2022
02000681,Sở GD&ĐT Thành Phố Hồ Chí Minh,6.6,6.5,,,6,,3.75,6.8,,2022
02000682,Sở GD&ĐT Thành Phố Hồ Chí Minh,7.8,6.75,,,7,,7,,,2022
02000683,Sở GD&ĐT Thành Phố Hồ Chí Minh,8,7.5,6.5,7,,,,8.6,7,2022
02000684,Sở GD&ĐT Thành Phố Hồ Chí Minh,8.4,6.5,7.75,7,,,,8.8,8,2022
02000685,Sở GD&ĐT Thành Phố Hồ Chí Minh,7.6,6.75,,,6.25,,6.25,9.4,,2022
02000686,Sở GD&ĐT Thành Phố Hồ Chí Minh,8.2,6,6.25,7.25,,,,,7,2022
02000687,Sở GD&ĐT Thành Phố Hồ Chí Minh,9.4,7,,,9,,7,9.2,,2022
02000688,Sở GD&ĐT Thành Phố Hồ Chí Minh,3.2,6,3.5,5,,,,2.8,7.75,2022
02000689,Sở GD&ĐT Thành Phố Hồ Chí Minh,8.4,5.5,,,5.75,,6.75,,,2022
02000690,Sở GD&ĐT Thành Phố Hồ Chí Minh,8.2,6,9,7.5,,,,9.6,9.25,2022
02000691,Sở GD&ĐT Thành Phố Hồ Chí Minh,8.2,8,7.25,7.5,,,,9.4,8.5,2022
02000692,Sở GD&ĐT Thành Phố Hồ Chí Minh,8.6,6.75,,,6,,6.5,8.4,,2022
02000693,Sở GD&ĐT Thành Phố Hồ Chí Minh,6.2,5.5,,,6.75,,2.75,2.6,,2022
02000694,Sở GD&ĐT Thành Phố Hồ Chí Minh,8.8,5.75,,,7.75,,4,8.6,,2022
02000695,Sở GD&ĐT Thành Phố Hồ Chí Minh,7.4,7.5,7.5,7.5,,,,8.8,8.5,2022
02000696,Sở GD&ĐT Thành Phố Hồ Chí Minh,5,3.75,,,3,,3,8.6,,2022
02000697,Sở GD&ĐT Thành Phố Hồ Chí Minh,8,6.75,,,8,,5.75,8.8,,2022
02000698,Sở GD&ĐT Thành Phố Hồ Chí Minh,8.4,6.25,,,8.25,,2.75,8.8,,2022
02000699,Sở GD&ĐT Thành Phố Hồ Chí Minh,5.8,5.5,5.75,6.5,,,,4,6,2022
02000700,Sở GD&ĐT Thành Phố Hồ Chí Minh,5.2,6.75,6.25,6.5,,,,6,8.25,2022
02000701,Sở GD&ĐT Thành Phố Hồ Chí Minh,8,6.25,,,7.5,,8.25,8.4,,2022
02000702,Sở GD&ĐT Thành Phố Hồ Chí Minh,3.2,5,4.25,5,,,,3.4,3.75,2022
02000703,Sở GD&ĐT Thành Phố Hồ Chí Minh,6,4,5.75,8,,,,5.6,8,2022
02000704,Sở GD&ĐT Thành Phố Hồ Chí Minh,7.4,5.75,,,6.5,,7.5,8.6,,2022
02000705,Sở GD&ĐT Thành Phố Hồ Chí Minh,7.8,5.5,6.5,7,,,,9.4,7.5,2022
02000706,Sở GD&ĐT Thành Phố Hồ Chí Minh,8.8,5,,,8.25,,5.75,8.4,,2022
02000707,Sở GD&ĐT Thành Phố Hồ Chí Minh,3.2,5.5,5,4.75,,,,3.6,6.5,2022
02000708,Sở GD&ĐT Thành Phố Hồ Chí Minh,8.2,6.75,,,8.25,,4,9.2,,2022
02000709,Sở GD&ĐT Thành Phố Hồ Chí Minh,8.8,6.5,,,6.5,,7.25,,,2022
02000710,Sở GD&ĐT Thành Phố Hồ Chí Minh,9.4,6.75,,,6.5,,7.25,9.2,,2022
02000711,Sở GD&ĐT Thành Phố Hồ Chí Minh,8.2,6.75,,,5.75,,7,9.6,,2022
02000712,Sở GD&ĐT Thành Phố Hồ Chí Minh,8.4,6.5,,,8.5,,7.5,9.4,,2022
02000713,Sở GD&ĐT Thành Phố Hồ Chí Minh,7.6,6.25,,,5.5,,6.5,9.4,,2022
02000714,Sở GD&ĐT Thành Phố Hồ Chí Minh,7.4,7,,,5.5,,4.25,7.8,,2022
02000715,Sở GD&ĐT Thành Phố Hồ Chí Minh,8.2,6.75,,,6.5,,7.25,9.4,,2022
02000716,Sở GD&ĐT Thành Phố Hồ Chí Minh,8.4,7.25,,,8,,7.25,9.2,,2022
02000717,Sở GD&ĐT Thành Phố Hồ Chí Minh,5.8,3.5,7.5,7.25,,,,9.6,8.75,2022
02000718,Sở GD&ĐT Thành Phố Hồ Chí Minh,8.8,6.25,,,5.25,,8,,,2022
02000719,Sở GD&ĐT Thành Phố Hồ Chí Minh,7.8,5,,,7.5,,4.25,7.4,,2022
02000720,Sở GD&ĐT Thành Phố Hồ Chí Minh,7.8,6,,,6,,4.5,8.2,,2022
02000721,Sở GD&ĐT Thành Phố Hồ Chí Minh,9.2,6,,,9.25,,7.25,8.8,,2022
02000722,Sở GD&ĐT Thành Phố Hồ Chí Minh,8.6,6,,,8,,3.5,8.6,,2022
02000723,Sở GD&ĐT Thành Phố Hồ Chí Minh,7,5,7,7.75,,,,4.2,8,2022
02000724,Sở GD&ĐT Thành Phố Hồ Chí Minh,7.4,6.5,,,5.5,,5.5,8.6,,2022
02000725,Sở GD&ĐT Thành Phố Hồ Chí Minh,8.4,4.25,,,7.5,,5.25,8.4,,2022
02000726,Sở GD&ĐT Thành Phố Hồ Chí Minh,8.8,7.5,,,4.75,,6.5,9.2,,2022
02000727,Sở GD&ĐT Thành Phố Hồ Chí Minh,6.6,7.5,8.5,8,,,,8,8.25,2022
02000728,Sở GD&ĐT Thành Phố Hồ Chí Minh,8.2,6.5,,,7.25,,5,9.2,,2022
02000729,Sở GD&ĐT Thành Phố Hồ Chí Minh,8.6,5.25,,,7,,8.5,,,2022
02000730,Sở GD&ĐT Thành Phố Hồ Chí Minh,6.2,6.25,7.5,6.25,,,,6.2,7.25,2022
02000731,Sở GD&ĐT Thành Phố Hồ Chí Minh,4.8,5,5.5,5,,,,3.4,6,2022
02000732,Sở GD&ĐT Thành Phố Hồ Chí Minh,9,7,,,8.5,,6.25,9.2,,2022
02000733,Sở GD&ĐT Thành Phố Hồ Chí Minh,7.8,5,,,6,,4.75,8,,2022
02000734,Sở GD&ĐT Thành Phố Hồ Chí Minh,7.8,6.5,,,6.75,,4.75,,,2022
02000735,Sở GD&ĐT Thành Phố Hồ Chí Minh,4.6,5.75,4,5.25,,,,4.8,5.75,2022
02000736,Sở GD&ĐT Thành Phố Hồ Chí Minh,7,5.75,6.75,5.25,,,,5.2,7,2022
02000737,Sở GD&ĐT Thành Phố Hồ Chí Minh,8.2,6.75,8.25,8.5,,,,9.8,9.25,2022
02000738,Sở GD&ĐT Thành Phố Hồ Chí Minh,6.8,5.5,,,6.75,,5.25,,,2022
02000739,Sở GD&ĐT Thành Phố Hồ Chí Minh,9,5.25,,,8.25,,4.25,9.6,,2022
02000740,Sở GD&ĐT Thành Phố Hồ Chí Minh,8.6,5.5,,,6,,9,8.2,,2022
02000741,Sở GD&ĐT Thành Phố Hồ Chí Minh,8.2,6.25,,,6.75,,7.5,8.8,,2022
02000742,Sở GD&ĐT Thành Phố Hồ Chí Minh,4.6,5,6.25,5,,,,5.2,7,2022
02000743,Sở GD&ĐT Thành Phố Hồ Chí Minh,5.4,4.75,5,6.25,,,,4.2,6.25,2022
02000744,Sở GD&ĐT Thành Phố Hồ Chí Minh,4.4,4.5,5.25,6.5,,,,2.4,7.75,2022
02000745,Sở GD&ĐT Thành Phố Hồ Chí Minh,7.6,6.75,7.5,7.75,,,,8.6,7.75,2022
02000746,Sở GD&ĐT Thành Phố Hồ Chí Minh,5.4,5.25,7,5.75,,,,5.4,7.75,2022
02000747,Sở GD&ĐT Thành Phố Hồ Chí Minh,6.8,5.25,5.5,6.5,,,,3.6,7.25,2022
02000748,Sở GD&ĐT Thành Phố Hồ Chí Minh,6.4,4.75,,,6,,3.5,2.6,,2022
02000749,Sở GD&ĐT Thành Phố Hồ Chí Minh,8.2,5.75,,,8.5,,7.25,9.6,,2022
02000750,Sở GD&ĐT Thành Phố Hồ Chí Minh,8.6,6.25,,,7.5,,5,,,2022
02000751,Sở GD&ĐT Thành Phố Hồ Chí Minh,7.8,7,,,3.5,,7.25,8.6,,2022
02000752,Sở GD&ĐT Thành Phố Hồ Chí Minh,9.2,6.75,,,6.75,,7.25,9.4,,2022
02000753,Sở GD&ĐT Thành Phố Hồ Chí Minh,8.4,6.75,,,4,,9.5,9,,2022
02000754,Sở GD&ĐT Thành Phố Hồ Chí Minh,8.8,6,8.25,8.25,,,,10,9.25,2022
02000755,Sở GD&ĐT Thành Phố Hồ Chí Minh,4.2,4.5,6.75,6.5,,,,5,8,2022
02000756,Sở GD&ĐT Thành Phố Hồ Chí Minh,8.4,6,8.75,7.5,,,,9.4,9.5,2022
02000757,Sở GD&ĐT Thành Phố Hồ Chí Minh,8,5.75,,,5,,6.5,,,2022
02000758,Sở GD&ĐT Thành Phố Hồ Chí Minh,8.4,5.25,,,6.5,,8.25,9,,2022
02000759,Sở GD&ĐT Thành Phố Hồ Chí Minh,8.8,7,,,7.25,,8.5,9.4,,2022
02000760,Sở GD&ĐT Thành Phố Hồ Chí Minh,8.6,6.75,9,7.75,,,,8.8,9.25,2022
02000761,Sở GD&ĐT Thành Phố Hồ Chí Minh,9.2,6,,,9,,6.5,9,,2022
02000762,Sở GD&ĐT Thành Phố Hồ Chí Minh,8.8,6.5,,,7.5,,5.5,,,2022
02000763,Sở GD&ĐT Thành Phố Hồ Chí Minh,7.8,7.5,,,6,,5.25,9.4,,2022
02000764,Sở GD&ĐT Thành Phố Hồ Chí Minh,8.8,6,,,7.75,,7.25,8.8,,2022
02000765,Sở GD&ĐT Thành Phố Hồ Chí Minh,8.4,5.5,,,7,,4.75,9.4,,2022
02000766,Sở GD&ĐT Thành Phố Hồ Chí Minh,8.2,7.25,,,8,,6.75,9.4,,2022
02000767,Sở GD&ĐT Thành Phố Hồ Chí Minh,8.4,5.75,,,7,,5.5,9.2,,2022
02000768,Sở GD&ĐT Thành Phố Hồ Chí Minh,8.4,7.25,9.5,8.75,,,,9.4,9,2022
02000769,Sở GD&ĐT Thành Phố Hồ Chí Minh,8,6.75,7.5,7.75,,,,9.2,8.25,2022
02000770,Sở GD&ĐT Thành Phố Hồ Chí Minh,8.8,6,,,7.75,,7,9.2,,2022
02000771,Sở GD&ĐT Thành Phố Hồ Chí Minh,7.4,6,,,3,,7.75,6.2,,2022
02000772,Sở GD&ĐT Thành Phố Hồ Chí Minh,5,4.5,4,5.25,,,,4,7.5,2022
02000773,Sở GD&ĐT Thành Phố Hồ Chí Minh,7.8,5.5,,,7.25,,5,,,2022
02000774,Sở GD&ĐT Thành Phố Hồ Chí Minh,6.6,5.25,,,6,,3.75,4.4,,2022
02000775,Sở GD&ĐT Thành Phố Hồ Chí Minh,7.2,7,,,6.25,,6.25,8.8,,2022
02000776,Sở GD&ĐT Thành Phố Hồ Chí Minh,6.6,7.5,8.75,7.75,,,,10,9.5,2022
02000777,Sở GD&ĐT Thành Phố Hồ Chí Minh,7.6,6.25,,,5,,5,9,,2022
02000778,Sở GD&ĐT Thành Phố Hồ Chí Minh,6.2,5.5,5.25,6,,,,5.4,7.25,2022
02000779,Sở GD&ĐT Thành Phố Hồ Chí Minh,4.6,4.25,5.25,6.25,,,,2,6.5,2022
02000780,Sở GD&ĐT Thành Phố Hồ Chí Minh,7.4,7,8,7,,,,9,8.25,2022
02000781,Sở GD&ĐT Thành Phố Hồ Chí Minh,4.6,5,3.75,6.25,,,,4,8.25,2022
02000782,Sở GD&ĐT Thành Phố Hồ Chí Minh,8.6,7.75,7,7,,,,9.4,9.25,2022
02000783,Sở GD&ĐT Thành Phố Hồ Chí Minh,8.4,8.5,8.75,7.5,,,,,8.75,2022
02000784,Sở GD&ĐT Thành Phố Hồ Chí Minh,9,6.75,,,7.75,,6.75,9,,2022
02000785,Sở GD&ĐT Thành Phố Hồ Chí Minh,7.6,5.5,,,7.5,,3.5,,,2022
02000786,Sở GD&ĐT Thành Phố Hồ Chí Minh,7.4,6.25,9.75,6.75,,,,5.4,9,2022
02000787,Sở GD&ĐT Thành Phố Hồ Chí Minh,6.6,6.08,,,5.5,,3.25,2.8,,2022
02000788,Sở GD&ĐT Thành Phố Hồ Chí Minh,8.4,8.25,9.5,8.25,,,,9.2,9.25,2022
02000789,Sở GD&ĐT Thành Phố Hồ Chí Minh,6,4.25,,,5.75,,3.5,6,,2022
02000790,Sở GD&ĐT Thành Phố Hồ Chí Minh,4,5.75,5.25,6.75,,,,3.2,7.25,2022
02000791,Sở GD&ĐT Thành Phố Hồ Chí Minh,8.6,6.5,8,7.75,,,,9.2,8.75,2022
02000792,Sở GD&ĐT Thành Phố Hồ Chí Minh,7.2,5.25,5.25,5,,,,3.4,6.25,2022
02000793,Sở GD&ĐT Thành Phố Hồ Chí Minh,5.6,6.75,5.5,5,,,,7.6,7,2022
02000794,Sở GD&ĐT Thành Phố Hồ Chí Minh,3.8,5.75,4.5,5.75,,,,3.6,7.5,2022
02000795,Sở GD&ĐT Thành Phố Hồ Chí Minh,8.8,5.5,,,7.25,,5.5,9.2,,2022
02000796,Sở GD&ĐT Thành Phố Hồ Chí Minh,8,7.25,,,7.25,,4.25,8.4,,2022
02000797,Sở GD&ĐT Thành Phố Hồ Chí Minh,8.6,7,8.5,7.75,,,,8.4,9.25,2022
02000798,Sở GD&ĐT Thành Phố Hồ Chí Minh,8.4,6.75,8.25,8,,,,9.4,9,2022
02000799,Sở GD&ĐT Thành Phố Hồ Chí Minh,8.6,5.25,,,7.25,,8.25,7.4,,2022
02000800,Sở GD&ĐT Thành Phố Hồ Chí Minh,8,5.5,,,5.75,,5.75,8.4,,2022
02000801,Sở GD&ĐT Thành Phố Hồ Chí Minh,8.8,4.25,,,7,,5.75,8,,2022
02000802,Sở GD&ĐT Thành Phố Hồ Chí Minh,8.8,7.25,,,7.5,,5.5,8.2,,2022
02000803,Sở GD&ĐT Thành Phố Hồ Chí Minh,6,6.25,,,6,,4.5,4.8,,2022
02000804,Sở GD&ĐT Thành Phố Hồ Chí Minh,6.4,6.5,,,5,,3,5.8,,2022
02000805,Sở GD&ĐT Thành Phố Hồ Chí Minh,5.8,4.75,3.75,7.25,,,,8.6,7,2022
02000806,Sở GD&ĐT Thành Phố Hồ Chí Minh,5,4.5,6.5,5.5,,,,3.4,7.75,2022
02000807,Sở GD&ĐT Thành Phố Hồ Chí Minh,5.6,5,,,4.5,,3.25,3.2,,2022
02000808,Sở GD&ĐT Thành Phố Hồ Chí Minh,6.6,6,7,8,,,,6.4,8.5,2022
02000809,Sở GD&ĐT Thành Phố Hồ Chí Minh,4.8,5.75,,,5.5,,4.25,7,,2022
02000810,Sở GD&ĐT Thành Phố Hồ Chí Minh,4.4,5,5.25,5.75,,,,3,6.25,2022
02000811,Sở GD&ĐT Thành Phố Hồ Chí Minh,5.8,5.5,6.5,5.75,,,,4.2,8,2022
02000812,Sở GD&ĐT Thành Phố Hồ Chí Minh,6.8,5.25,,,5.25,,3,2.8,,2022
02000813,Sở GD&ĐT Thành Phố Hồ Chí Minh,6.4,7.25,,,4,,4.75,7.4,,2022
02000814,Sở GD&ĐT Thành Phố Hồ Chí Minh,3.8,3.5,,,4.75,,4.5,8.6,,2022
02000815,Sở GD&ĐT Thành Phố Hồ Chí Minh,5.2,4.5,,,5.75,,3.75,8,,2022
02000816,Sở GD&ĐT Thành Phố Hồ Chí Minh,7,4.75,5.75,6,,,,5.4,8.25,2022
02000817,Sở GD&ĐT Thành Phố Hồ Chí Minh,8,6.25,,,7.25,,8.75,9.2,,2022
02000818,Sở GD&ĐT Thành Phố Hồ Chí Minh,6.4,6.5,7.5,7.25,,,,5.4,8,2022
02000819,Sở GD&ĐT Thành Phố Hồ Chí Minh,5.8,5,8,7,,,,9.4,8.5,2022
02000820,Sở GD&ĐT Thành Phố Hồ Chí Minh,7.4,6.75,7,6.25,,,,4,7.25,2022
02000821,Sở GD&ĐT Thành Phố Hồ Chí Minh,4.4,3.75,,,3.25,,3.75,2.8,,2022
02000822,Sở GD&ĐT Thành Phố Hồ Chí Minh,9.2,6.25,,,7,,4.75,8.8,,2022
02000823,Sở GD&ĐT Thành Phố Hồ Chí Minh,8.6,7.75,,,7,,6.25,8.6,,2022
02000824,Sở GD&ĐT Thành Phố Hồ Chí Minh,7.8,7,,,8.25,,7.75,8.6,,2022
02000825,Sở GD&ĐT Thành Phố Hồ Chí Minh,4.6,5,4.5,6.25,,,,2.4,6.25,2022
02000826,Sở GD&ĐT Thành Phố Hồ Chí Minh,7.8,6.25,,,3.5,,8,8.8,,2022
02000827,Sở GD&ĐT Thành Phố Hồ Chí Minh,5.4,3.25,6.25,6.5,,,,3,6.75,2022
02000828,Sở GD&ĐT Thành Phố Hồ Chí Minh,8.6,5.5,8.5,8.25,,,,9.4,9,2022
02000829,Sở GD&ĐT Thành Phố Hồ Chí Minh,6.6,5,,,5.5,,3.5,8.8,,2022
02000830,Sở GD&ĐT Thành Phố Hồ Chí Minh,6.8,6,,,5.5,,3.25,4.8,,2022
02000831,Sở GD&ĐT Thành Phố Hồ Chí Minh,8.8,5.75,,,7.25,,7.75,9.6,,2022
02000832,Sở GD&ĐT Thành Phố Hồ Chí Minh,4.4,4.58,5.75,5.75,,,,4.2,6.5,2022
02000833,Sở GD&ĐT Thành Phố Hồ Chí Minh,8.2,5.25,,,8,,5.5,8.6,,2022
02000834,Sở GD&ĐT Thành Phố Hồ Chí Minh,8,6.25,,,4.25,,6,7.6,,2022
02000835,Sở GD&ĐT Thành Phố Hồ Chí Minh,4.6,4.5,5.75,6.25,,,,4.6,7,2022
02000836,Sở GD&ĐT Thành Phố Hồ Chí Minh,8.4,7.75,,,8.25,,7.25,10,,2022
02000837,Sở GD&ĐT Thành Phố Hồ Chí Minh,8.8,7.5,,,9.5,,6.25,9.4,,2022
02000838,Sở GD&ĐT Thành Phố Hồ Chí Minh,8.4,6.25,,,7.5,,4.5,9.2,,2022
02000839,Sở GD&ĐT Thành Phố Hồ Chí Minh,8,5.75,,,7.5,,4.75,10,,2022
02000840,Sở GD&ĐT Thành Phố Hồ Chí Minh,7.6,6.5,,,6.25,,6,8.8,,2022
02000841,Sở GD&ĐT Thành Phố Hồ Chí Minh,8,6.5,,,7.75,,7.25,9.4,,2022
02000842,Sở GD&ĐT Thành Phố Hồ Chí Minh,8.6,6.25,,,7.5,,6.75,9.6,,2022
02000843,Sở GD&ĐT Thành Phố Hồ Chí Minh,6.8,5.75,,,6.5,,5.5,,,2022
02000844,Sở GD&ĐT Thành Phố Hồ Chí Minh,6.4,5.5,,,4.5,,4,8.8,,2022
02000845,Sở GD&ĐT Thành Phố Hồ Chí Minh,4.8,5,3.5,4.5,,,,4.6,6.25,2022
02000846,Sở GD&ĐT Thành Phố Hồ Chí Minh,6.4,4.75,6.75,6,,,,4.4,8.25,2022
02000847,Sở GD&ĐT Thành Phố Hồ Chí Minh,6.4,8.25,9,7.25,,,,,7.5,2022
02000848,Sở GD&ĐT Thành Phố Hồ Chí Minh,8.4,7,,,7.5,,7.25,,,2022
02000849,Sở GD&ĐT Thành Phố Hồ Chí Minh,7.8,7.5,9.75,8.75,,,,9.8,8.75,2022
02000850,Sở GD&ĐT Thành Phố Hồ Chí Minh,6.8,7.25,,,4.5,,9,,,2022
02000851,Sở GD&ĐT Thành Phố Hồ Chí Minh,7.4,7,8.25,7.75,,,,8.8,9.25,2022
02000852,Sở GD&ĐT Thành Phố Hồ Chí Minh,8.2,7,,,7,,5.75,9.4,,2022
02000853,Sở GD&ĐT Thành Phố Hồ Chí Minh,8.2,5.75,8.5,7.75,,,,8.6,7.5,2022
02000854,Sở GD&ĐT Thành Phố Hồ Chí Minh,2.8,6.25,4,4.75,,,,3,6.75,2022
02000855,Sở GD&ĐT Thành Phố Hồ Chí Minh,7.2,6.75,6.5,6.25,,,,8.4,7.25,2022
02000856,Sở GD&ĐT Thành Phố Hồ Chí Minh,5,4.5,,,4.5,,3,3.8,,2022
02000857,Sở GD&ĐT Thành Phố Hồ Chí Minh,8.6,7,9.25,8.75,,,,9.6,9.25,2022
02000858,Sở GD&ĐT Thành Phố Hồ Chí Minh,6.2,4.75,6.25,6.75,,,,2.8,7.5,2022
02000859,Sở GD&ĐT Thành Phố Hồ Chí Minh,8.6,6.25,,,6,,8.25,9,,2022
02000860,Sở GD&ĐT Thành Phố Hồ Chí Minh,7.6,5,,,5,,6.25,9,,2022
02000861,Sở GD&ĐT Thành Phố Hồ Chí Minh,8.4,6,,,7.5,,5.75,9.6,,2022
02000862,Sở GD&ĐT Thành Phố Hồ Chí Minh,6.2,5.25,,,3.25,,2.75,2.2,,2022
02000863,Sở GD&ĐT Thành Phố Hồ Chí Minh,7.4,5.75,,,6,,3.75,6.8,,2022
02000864,Sở GD&ĐT Thành Phố Hồ Chí Minh,8.2,6.75,,,7.5,,5.5,9.6,,2022
02000865,Sở GD&ĐT Thành Phố Hồ Chí Minh,5.8,5.75,7.25,7.25,,,,4.6,8.75,2022
02000866,Sở GD&ĐT Thành Phố Hồ Chí Minh,7.6,5.25,,,8.25,,4.5,9.6,,2022
02000867,Sở GD&ĐT Thành Phố Hồ Chí Minh,8.8,7.25,,,8.75,,6,,,2022
02000868,Sở GD&ĐT Thành Phố Hồ Chí Minh,4,4.75,6.25,7,,,,3.2,7.75,2022
02000869,Sở GD&ĐT Thành Phố Hồ Chí Minh,8.4,7.25,8.5,8,,,,9,9,2022
02000870,Sở GD&ĐT Thành Phố Hồ Chí Minh,9,6.25,,,7.5,,5.25,8.6,,2022
02000871,Sở GD&ĐT Thành Phố Hồ Chí Minh,9,5.5,,,5.5,,10,9.2,,2022
02000872,Sở GD&ĐT Thành Phố Hồ Chí Minh,7,5.25,,,5.25,,4.5,6.6,,2022
02000873,Sở GD&ĐT Thành Phố Hồ Chí Minh,7.8,7,7.25,8,,,,9.6,8,2022
02000874,Sở GD&ĐT Thành Phố Hồ Chí Minh,7.8,7,8,6.75,,,,9,8.75,2022
02000875,Sở GD&ĐT Thành Phố Hồ Chí Minh,8,7.25,,,5.5,,6.75,8.6,,2022
02000876,Sở GD&ĐT Thành Phố Hồ Chí Minh,8.4,6.75,,,7,,8.75,,,2022
02000877,Sở GD&ĐT Thành Phố Hồ Chí Minh,2.6,5,4.5,6,,,,6.4,6,2022
02000878,Sở GD&ĐT Thành Phố Hồ Chí Minh,8.4,6.75,,,7,,5.25,8.2,,2022
02000879,Sở GD&ĐT Thành Phố Hồ Chí Minh,5.4,5.75,,,6.75,,3.75,5.2,,2022
02000880,Sở GD&ĐT Thành Phố Hồ Chí Minh,2.8,5.25,3,6.75,,,,3.6,7.5,2022
02000881,Sở GD&ĐT Thành Phố Hồ Chí Minh,8.6,7,8.25,6.5,,,,8.8,8.25,2022
02000882,Sở GD&ĐT Thành Phố Hồ Chí Minh,8.2,7.25,9.25,8.5,,,,9.2,9.25,2022
02000883,Sở GD&ĐT Thành Phố Hồ Chí Minh,2.8,4,2.25,4.25,,,,2.4,7,2022
02000884,Sở GD&ĐT Thành Phố Hồ Chí Minh,5,5,6.25,6,,,,4,8,2022
02000885,Sở GD&ĐT Thành Phố Hồ Chí Minh,4.4,5.5,7,5.25,,,,3.2,8.5,2022
02000886,Sở GD&ĐT Thành Phố Hồ Chí Minh,6.8,7,,,6.5,,5.75,9,,2022
02000887,Sở GD&ĐT Thành Phố Hồ Chí Minh,8.6,6,,,7,,5.75,8.8,,2022
02000888,Sở GD&ĐT Thành Phố Hồ Chí Minh,8.2,7.5,,,9.25,,6.75,8.8,,2022
02000889,Sở GD&ĐT Thành Phố Hồ Chí Minh,6.4,4.5,,,3.25,,3,3.8,,2022
02000890,Sở GD&ĐT Thành Phố Hồ Chí Minh,7.8,7,,,8.25,,5.25,9.4,,2022
02000891,Sở GD&ĐT Thành Phố Hồ Chí Minh,7.8,7.75,,,7.5,,8.25,9.2,,2022
02000892,Sở GD&ĐT Thành Phố Hồ Chí Minh,9,6.25,,,7.5,,5,8.2,,2022
02000893,Sở GD&ĐT Thành Phố Hồ Chí Minh,8.2,6,,,7.5,,4,8.8,,2022
02000894,Sở GD&ĐT Thành Phố Hồ Chí Minh,7.8,7.75,6.75,7.5,,,,6.8,8.25,2022
02000895,Sở GD&ĐT Thành Phố Hồ Chí Minh,6,5,,,5.25,,3,8,,2022
02000896,Sở GD&ĐT Thành Phố Hồ Chí Minh,8.6,6.5,8.75,8,,,,,8,2022
02000897,Sở GD&ĐT Thành Phố Hồ Chí Minh,9,7.5,9.5,8.25,,,,8.8,9,2022
02000898,Sở GD&ĐT Thành Phố Hồ Chí Minh,8.8,5.75,,,7,,8.75,,,2022
02000899,Sở GD&ĐT Thành Phố Hồ Chí Minh,8,6.25,8,7.25,,,,9.8,8.25,2022
02000900,Sở GD&ĐT Thành Phố Hồ Chí Minh,7,7,7.75,7.5,,,,9,7.75,2022
02000901,Sở GD&ĐT Thành Phố Hồ Chí Minh,7.6,7.25,6.75,7.25,,,,8.6,8,2022
02000902,Sở GD&ĐT Thành Phố Hồ Chí Minh,8.4,7.75,8,7.75,,,,,9.5,2022
02000903,Sở GD&ĐT Thành Phố Hồ Chí Minh,8,7,7.75,7.5,,,,9.2,9,2022
02000904,Sở GD&ĐT Thành Phố Hồ Chí Minh,8.2,6.25,,,4.75,,8.25,8.4,,2022
02000905,Sở GD&ĐT Thành Phố Hồ Chí Minh,6,6.5,9.25,7.5,,,,8.2,8,2022
02000906,Sở GD&ĐT Thành Phố Hồ Chí Minh,6.8,6.25,7,7.25,,,,4.4,7.25,2022
02000907,Sở GD&ĐT Thành Phố Hồ Chí Minh,6.6,5,,,3.75,,3.25,5.6,,2022
02000908,Sở GD&ĐT Thành Phố Hồ Chí Minh,8.8,8,,,7.75,,5.25,9.6,,2022
02000909,Sở GD&ĐT Thành Phố Hồ Chí Minh,8.2,6.5,,,8.25,,5.75,9,,2022
02000910,Sở GD&ĐT Thành Phố Hồ Chí Minh,7.6,6.75,,,6.25,,7.25,8.8,,2022
02000911,Sở GD&ĐT Thành Phố Hồ Chí Minh,6.8,5.08,,,4.5,,5.25,5.2,,2022
02000912,Sở GD&ĐT Thành Phố Hồ Chí Minh,8.8,4.5,,,8.75,,5,9.2,,2022
02000913,Sở GD&ĐT Thành Phố Hồ Chí Minh,6.8,6,9.25,7.75,,,,8.6,9,2022
02000914,Sở GD&ĐT Thành Phố Hồ Chí Minh,8.6,6,,,8.5,,6.5,9.4,,2022
02000915,Sở GD&ĐT Thành Phố Hồ Chí Minh,8.8,5.5,,,8.75,,7.5,9.4,,2022
02000916,Sở GD&ĐT Thành Phố Hồ Chí Minh,8.6,6,,,7.25,,4.25,9.2,,2022
02000917,Sở GD&ĐT Thành Phố Hồ Chí Minh,8.4,5.5,,,7.75,,7.5,9.8,,2022
02000918,Sở GD&ĐT Thành Phố Hồ Chí Minh,6,5.25,7,6.5,,,,2.8,8.75,2022
02000919,Sở GD&ĐT Thành Phố Hồ Chí Minh,2.8,4.5,,,3.75,,4.25,7,,2022
02000920,Sở GD&ĐT Thành Phố Hồ Chí Minh,8.2,6.5,8.25,8.25,,,,7.4,8.25,2022
02000921,Sở GD&ĐT Thành Phố Hồ Chí Minh,5.4,5.25,8,8,,,,3.8,9,2022
02000922,Sở GD&ĐT Thành Phố Hồ Chí Minh,8.6,6.25,,,7,,8.75,9.4,,2022
02000923,Sở GD&ĐT Thành Phố Hồ Chí Minh,7.8,7,,,6,,8.5,9.2,,2022
02000924,Sở GD&ĐT Thành Phố Hồ Chí Minh,7.4,6.25,,,6.5,,4.5,9.4,,2022
02000925,Sở GD&ĐT Thành Phố Hồ Chí Minh,6.6,7.25,,,6.75,,3.25,8,,2022
02000926,Sở GD&ĐT Thành Phố Hồ Chí Minh,4.4,6,7.75,6.5,,,,5,8,2022
02000927,Sở GD&ĐT Thành Phố Hồ Chí Minh,4.2,4.75,,,3.75,,3.5,3.8,,2022
02000928,Sở GD&ĐT Thành Phố Hồ Chí Minh,8.2,6.25,,,7.25,,7,,,2022
02000929,Sở GD&ĐT Thành Phố Hồ Chí Minh,8,7.25,,,5.25,,4.75,9,,2022
02000930,Sở GD&ĐT Thành Phố Hồ Chí Minh,7.8,7,9.25,8.5,,,,8.4,9,2022
02000931,Sở GD&ĐT Thành Phố Hồ Chí Minh,8,6,8.5,8.75,,,,8.8,9,2022
02000932,Sở GD&ĐT Thành Phố Hồ Chí Minh,8,7.25,,,8.25,,8,9.4,,2022
02000933,Sở GD&ĐT Thành Phố Hồ Chí Minh,8.6,6.75,,,4.25,,8.75,9.8,,2022
02000934,Sở GD&ĐT Thành Phố Hồ Chí Minh,9.4,6.5,,,7.5,,5.25,,,2022
02000935,Sở GD&ĐT Thành Phố Hồ Chí Minh,7.6,7,9,7.25,,,,,9,2022
02000936,Sở GD&ĐT Thành Phố Hồ Chí Minh,6.4,7,6.75,7.25,,,,,8.5,2022
02000937,Sở GD&ĐT Thành Phố Hồ Chí Minh,7.6,5.75,,,6.5,,5,7.8,,2022
02000938,Sở GD&ĐT Thành Phố Hồ Chí Minh,7.4,6.75,,,6.25,,3.75,3.6,,2022
02000939,Sở GD&ĐT Thành Phố Hồ Chí Minh,8.2,7,,,6.5,,7,9.6,,2022
02000940,Sở GD&ĐT Thành Phố Hồ Chí Minh,7.4,6,,,6,,3.5,7.4,,2022
02000941,Sở GD&ĐT Thành Phố Hồ Chí Minh,8,6,,,7.5,,5.25,8.8,,2022
02000942,Sở GD&ĐT Thành Phố Hồ Chí Minh,7.2,7,9.5,8.25,,,,9.2,9,2022
02000943,Sở GD&ĐT Thành Phố Hồ Chí Minh,7.8,6.5,,,5.5,,5.25,9.4,,2022
02000944,Sở GD&ĐT Thành Phố Hồ Chí Minh,7.2,6.25,,,6.75,,3.5,7.8,,2022
02000945,Sở GD&ĐT Thành Phố Hồ Chí Minh,8,7.25,9.25,7.25,,,,9.4,9.5,2022
02000946,Sở GD&ĐT Thành Phố Hồ Chí Minh,8,6.75,7.25,9.25,,,,8.8,9,2022
02000947,Sở GD&ĐT Thành Phố Hồ Chí Minh,8.6,6.75,,,6.25,,6.5,9,,2022
02000948,Sở GD&ĐT Thành Phố Hồ Chí Minh,7.4,6,8,7.25,,,,6.8,8.75,2022
02000949,Sở GD&ĐT Thành Phố Hồ Chí Minh,7.6,6.25,,,6.25,,6.5,,,2022
02000950,Sở GD&ĐT Thành Phố Hồ Chí Minh,6,6,6.5,5.75,,,,7.8,7.5,2022
02000951,Sở GD&ĐT Thành Phố Hồ Chí Minh,5,7,,,5.75,,3.5,9,,2022
02000952,Sở GD&ĐT Thành Phố Hồ Chí Minh,7,5.25,5.75,7,,,,6.8,8.75,2022
02000953,Sở GD&ĐT Thành Phố Hồ Chí Minh,7,8,8,8.25,,,,9.2,8.75,2022
02000954,Sở GD&ĐT Thành Phố Hồ Chí Minh,3,6.25,2.75,5,,,,3.6,7.25,2022
02000955,Sở GD&ĐT Thành Phố Hồ Chí Minh,4.4,7,6.75,5.5,,,,3.4,7.25,2022
02000956,Sở GD&ĐT Thành Phố Hồ Chí Minh,4,5,4.5,6.5,,,,2.2,6.25,2022
02000957,Sở GD&ĐT Thành Phố Hồ Chí Minh,8.6,5.75,8.25,7.25,,,,9,9.25,2022
02000958,Sở GD&ĐT Thành Phố Hồ Chí Minh,8.6,8,7.5,8,,,,9.2,9.25,2022
02000959,Sở GD&ĐT Thành Phố Hồ Chí Minh,8.8,7.5,,,5.5,,6.75,8,,2022
02000960,Sở GD&ĐT Thành Phố Hồ Chí Minh,8.8,8,8.5,8.75,,,,9,9.5,2022
02000962,Sở GD&ĐT Thành Phố Hồ Chí Minh,8,6.25,6.5,6.5,,,,8.2,8,2022
02000963,Sở GD&ĐT Thành Phố Hồ Chí Minh,4.8,5.75,5.25,6.75,,,,4.6,6.25,2022
02000964,Sở GD&ĐT Thành Phố Hồ Chí Minh,8.2,7,7.5,8.5,,,,9.2,9,2022
02000965,Sở GD&ĐT Thành Phố Hồ Chí Minh,8,6,,,7.25,,4.25,5.2,,2022
02000966,Sở GD&ĐT Thành Phố Hồ Chí Minh,8.4,7,9,7.75,,,,9,8.75,2022
02000967,Sở GD&ĐT Thành Phố Hồ Chí Minh,8.6,4.5,,,6.25,,5.75,9.2,,2022
02000968,Sở GD&ĐT Thành Phố Hồ Chí Minh,8,7,,,6.5,,8.25,9.4,,2022
02000969,Sở GD&ĐT Thành Phố Hồ Chí Minh,8,7.25,,,8.5,,6.5,,,2022
02000970,Sở GD&ĐT Thành Phố Hồ Chí Minh,7.8,7.5,8.25,8.5,,,,9.2,8.75,2022
02000971,Sở GD&ĐT Thành Phố Hồ Chí Minh,2.6,6.5,6,5.75,,,,5.2,8.5,2022
02000972,Sở GD&ĐT Thành Phố Hồ Chí Minh,7.2,6.75,7,7,,,,,7.5,2022
02000973,Sở GD&ĐT Thành Phố Hồ Chí Minh,5.8,5.25,,,6.25,,3,3.6,,2022
02000974,Sở GD&ĐT Thành Phố Hồ Chí Minh,8.8,8.5,8.25,7,,,,8.8,9.25,2022
02000975,Sở GD&ĐT Thành Phố Hồ Chí Minh,7,8.5,9,8,,,,9.2,9.5,2022
02000976,Sở GD&ĐT Thành Phố Hồ Chí Minh,7.8,6,,,6.5,,5,8.8,,2022
02000977,Sở GD&ĐT Thành Phố Hồ Chí Minh,8,6.75,,,6.75,,8.5,,,2022
02000978,Sở GD&ĐT Thành Phố Hồ Chí Minh,7.8,5.5,,,3.5,,6.75,9,,2022
02000979,Sở GD&ĐT Thành Phố Hồ Chí Minh,7.4,5.5,6,7.75,,,,9.4,8,2022
02000980,Sở GD&ĐT Thành Phố Hồ Chí Minh,5.2,4,6,5.25,,,,3.4,6.75,2022
02000981,Sở GD&ĐT Thành Phố Hồ Chí Minh,7.4,4.5,,,5.5,,7,8.2,,2022
02000982,Sở GD&ĐT Thành Phố Hồ Chí Minh,4.2,5,6,5.5,,,,2.6,8,2022
02000983,Sở GD&ĐT Thành Phố Hồ Chí Minh,6,5.25,6.25,6,,,,4.6,8.75,2022
02000984,Sở GD&ĐT Thành Phố Hồ Chí Minh,6.8,7.25,9.25,6,,,,9.2,8.25,2022
02000985,Sở GD&ĐT Thành Phố Hồ Chí Minh,8,7,,,5.25,,7,8.8,,2022
02000986,Sở GD&ĐT Thành Phố Hồ Chí Minh,6.4,4,5.25,5.75,,,,2.8,6.5,2022
02000987,Sở GD&ĐT Thành Phố Hồ Chí Minh,8.6,5.5,,,2.25,,8.75,6.8,,2022
02000988,Sở GD&ĐT Thành Phố Hồ Chí Minh,8.8,6.25,,,7.75,,4,8.8,,2022
02000989,Sở GD&ĐT Thành Phố Hồ Chí Minh,8,7,,,6.5,,7,8,,2022
02000990,Sở GD&ĐT Thành Phố Hồ Chí Minh,8.4,7,,,7.75,,5,,,2022
02000991,Sở GD&ĐT Thành Phố Hồ Chí Minh,7,6.25,6.5,7.25,,,,5.6,8.75,2022
02000992,Sở GD&ĐT Thành Phố Hồ Chí Minh,8.4,5,,,3.75,,8.5,9.6,,2022
02000993,Sở GD&ĐT Thành Phố Hồ Chí Minh,8.4,5.75,8.25,8,,,,9.6,9,2022
02000994,Sở GD&ĐT Thành Phố Hồ Chí Minh,6.4,5.75,,,3.5,,3,3.4,,2022
02000995,Sở GD&ĐT Thành Phố Hồ Chí Minh,7.8,7,8,6.25,,,,9.4,7.75,2022
02000996,Sở GD&ĐT Thành Phố Hồ Chí Minh,6.2,6.5,6,6.5,,,,3.8,7.25,2022
02000997,Sở GD&ĐT Thành Phố Hồ Chí Minh,7,7.25,9.75,8,,,,9.4,8.5,2022
02000998,Sở GD&ĐT Thành Phố Hồ Chí Minh,9,6.75,,,9,,6.75,8.8,,2022
02000999,Sở GD&ĐT Thành Phố Hồ Chí Minh,7.6,7,,,5.5,,4.5,,,2022
02001000,Sở GD&ĐT Thành Phố Hồ Chí Minh,7.2,8,7.75,7,,,,8.2,7.75,2022
02001001,Sở GD&ĐT Thành Phố Hồ Chí Minh,7.2,6.75,7,6.25,,,,6.2,8.5,2022
02001002,Sở GD&ĐT Thành Phố Hồ Chí Minh,7.2,8.25,7.75,7.5,,,,8,9,2022
